2025-01-19 00:12:21.183000064,0.26316481828689575,0.010471975430846214,-0.013962633907794952,0.0,3.412118673324585,-70.61059166666668,41.639526666666676
2025-01-19 00:12:25.249999872,0.21788914501667023,0.005235987715423107,-0.008726646192371845,0.0,3.405137300491333,-70.61059166666668,41.639526666666676
2025-01-19 00:12:29.316000000,0.3084404766559601,0.006981316953897476,-0.012217304669320583,0.0,3.4103734493255615,-70.61059166666668,41.639526666666676
2025-01-19 00:12:33.382999808,0.33107832074165344,0.006981316953897476,-0.015707964077591896,0.0,3.4138641357421875,-70.61059166666668,41.639526666666676
2025-01-19 00:12:37.450000128,0.33107832074165344,0.001745329238474369,-0.008726646192371845,0.0,3.3999013900756836,-70.61059166666668,41.639526666666676
2025-01-19 00:12:41.516999936,0.3763539791107178,0.003490658476948738,-0.010471975430846214,0.0,3.405137300491333,-70.61059166666668,41.639526666666676
2025-01-19 00:12:45.583000064,0.33107832074165344,0.008726646192371845,-0.01745329238474369,0.0,3.4173545837402344,-70.61059166666668,41.639526666666676
2025-01-19 00:12:49.650000128,0.2858026325702667,0.003490658476948738,-0.013962633907794952,0.0,3.4068827629089355,-70.61059166666668,41.639526666666676
2025-01-19 00:13:00.290999808,0.3537161350250244,0.003490658476948738,-0.012217304669320583,0.0,3.4103734493255615,-70.61059166666668,41.639526666666676
2025-01-19 00:13:04.360999936,0.2858026325702667,0.001745329238474369,-0.013962633907794952,0.0,3.4068827629089355,-70.61059166666668,41.639526666666676
2025-01-19 00:13:08.424000000,0.33107832074165344,0.008726646192371845,-0.013962633907794952,0.0,3.4103734493255615,-70.61059166666668,41.639526666666676
2025-01-19 00:13:12.496000000,0.2405269742012024,0.008726646192371845,-0.015707964077591896,0.0,3.4138641357421875,-70.61059166666668,41.639526666666676
2025-01-19 00:13:16.561000192,0.3084404766559601,0.008726646192371845,-0.012217304669320583,0.0,3.412118673324585,-70.61059166666668,41.639526666666676
2025-01-19 00:13:20.627000064,0.2405269742012024,0.006981316953897476,-0.012217304669320583,0.0,3.4103734493255615,-70.61059166666668,41.639526666666676
2025-01-19 00:13:24.694000128,0.3084404766559601,0.012217304669320583,-0.010471975430846214,0.0,3.408627986907959,-70.61059166666668,41.639526666666676
2025-01-19 00:13:28.760000000,0.3084404766559601,0.006981316953897476,-0.015707964077591896,0.0,3.4173545837402344,-70.61059166666668,41.639526666666676
2025-01-19 00:13:32.824999936,0.19525131583213806,0.005235987715423107,-0.012217304669320583,0.0,3.408627986907959,-70.61059166666668,41.639526666666676
2025-01-19 00:13:36.894000128,0.26316481828689575,0.003490658476948738,-0.015707964077591896,0.0,3.412118673324585,-70.61059166666668,41.639526666666676
2025-01-19 00:13:40.960000000,0.3537161350250244,0.006981316953897476,-0.012217304669320583,0.0,3.4103734493255615,-70.61059166666668,41.639526666666676
2025-01-19 00:13:49.172000000,0.2858026325702667,0.005235987715423107,-0.010471975430846214,0.0,3.405137300491333,-70.61059166666668,41.639526666666676
2025-01-19 00:13:53.236999936,0.2858026325702667,0.006981316953897476,-0.012217304669320583,0.0,3.4068827629089355,-70.61059166666668,41.639526666666676
2025-01-19 00:13:57.305999872,0.3537161350250244,0.005235987715423107,-0.013962633907794952,0.0,3.4103734493255615,-70.61059166666668,41.639526666666676
2025-01-19 00:14:01.375000064,0.3537161350250244,0.008726646192371845,-0.010471975430846214,0.0,3.4103734493255615,-70.61059166666668,41.639526666666676
2025-01-19 00:14:05.441999872,0.3537161350250244,0.005235987715423107,-0.013962633907794952,0.0,3.4138641357421875,-70.61059166666668,41.639526666666676
2025-01-19 00:14:09.510999808,0.2858026325702667,0.006981316953897476,-0.013962633907794952,0.0,3.412118673324585,-70.61059166666668,41.639526666666676
2025-01-19 00:14:13.576000000,0.33107832074165344,0.008726646192371845,-0.010471975430846214,0.0,3.405137300491333,-70.61059166666668,41.639526666666676
2025-01-19 00:14:17.641999872,0.33107832074165344,0.008726646192371845,-0.008726646192371845,0.0,3.4068827629089355,-70.61059166666668,41.639526666666676
2025-01-19 00:14:21.708000000,0.3084404766559601,0.005235987715423107,-0.013962633907794952,0.0,3.412118673324585,-70.61059166666668,41.639526666666676
2025-01-19 00:14:31.882999808,0.3084404766559601,0.005235987715423107,-0.010471975430846214,0.0,3.4068827629089355,-70.61059166666668,41.639526666666676
2025-01-19 00:14:35.948999936,0.19525131583213806,0.006981316953897476,-0.010471975430846214,0.0,3.405137300491333,-70.61059166666668,41.639526666666676
2025-01-19 00:14:40.019000064,0.26316481828689575,0.005235987715423107,-0.01745329238474369,0.0,3.4173545837402344,-70.61059166666668,41.639526666666676
2025-01-19 00:14:44.084000000,0.1726134717464447,0.013962633907794952,-0.010471975430846214,0.0,3.408627986907959,-70.61059166666668,41.639526666666676
2025-01-19 00:14:48.148999936,0.26316481828689575,0.005235987715423107,-0.010471975430846214,0.0,3.405137300491333,-70.61059166666668,41.639526666666676
2025-01-19 00:14:52.302000128,0.3537161350250244,0.006981316953897476,-0.012217304669320583,0.0,3.408627986907959,-70.61059166666668,41.639526666666676
2025-01-19 00:14:56.372999936,0.33107832074165344,0.003490658476948738,-0.010471975430846214,0.0,3.401646614074707,-70.61059166666668,41.639526666666676
2025-01-19 00:15:00.437999872,0.2858026325702667,0.005235987715423107,-0.006981316953897476,0.0,3.3999013900756836,-70.61059166666668,41.639526666666676
2025-01-19 00:15:04.508000000,0.33107832074165344,0.012217304669320583,-0.010471975430846214,0.0,3.4068827629089355,-70.61059166666668,41.639526666666676
2025-01-19 00:15:08.572000000,0.2858026325702667,0.005235987715423107,-0.012217304669320583,0.0,3.4068827629089355,-70.61059166666668,41.639526666666676
2025-01-19 00:15:12.641999872,0.3763539791107178,0.006981316953897476,-0.012217304669320583,0.0,3.4068827629089355,-70.61059166666668,41.639526666666676
2025-01-19 00:15:16.708000000,0.26316481828689575,0.003490658476948738,-0.012217304669320583,0.0,3.4103734493255615,-70.61059166666668,41.639526666666676
2025-01-19 00:15:20.775000064,0.3537161350250244,0.006981316953897476,-0.015707964077591896,0.0,3.412118673324585,-70.61059166666668,41.639526666666676
2025-01-19 00:15:24.842000128,0.33107832074165344,0.006981316953897476,-0.01745329238474369,0.0,3.4138641357421875,-70.61059166666668,41.639526666666676
2025-01-19 00:15:28.908999936,0.2405269742012024,0.006981316953897476,-0.010471975430846214,0.0,3.405137300491333,-70.61059166666668,41.639526666666676
2025-01-19 00:15:32.972999936,0.33107832074165344,0.003490658476948738,-0.013962633907794952,0.0,3.4103734493255615,-70.61059166666668,41.639526666666676
2025-01-19 00:15:37.040000000,0.3084404766559601,0.005235987715423107,-0.012217304669320583,0.0,3.4068827629089355,-70.61059166666668,41.639526666666676
2025-01-19 00:15:41.105999872,0.3084404766559601,0.006981316953897476,-0.013962633907794952,0.0,3.408627986907959,-70.61059166666668,41.639526666666676
2025-01-19 00:15:48.168000000,0.33107832074165344,0.006981316953897476,-0.013962633907794952,0.0,3.415609359741211,-70.61059166666668,41.639526666666676
2025-01-19 00:15:57.600000000,0.3084404766559601,0.006981316953897476,-0.015707964077591896,0.0,3.412118673324585,-70.61059166666668,41.639526666666676
2025-01-19 00:16:01.667000064,0.33107832074165344,0.001745329238474369,-0.013962633907794952,0.0,3.4103734493255615,-70.61059166666668,41.639526666666676
2025-01-19 00:16:05.736000000,0.33107832074165344,0.005235987715423107,-0.010471975430846214,0.0,3.405137300491333,-70.61059166666668,41.639526666666676
2025-01-19 00:16:09.801000192,0.2405269742012024,0.001745329238474369,-0.013962633907794952,0.0,3.4068827629089355,-70.61059166666668,41.639526666666676
2025-01-19 00:16:13.868000000,0.2405269742012024,0.006981316953897476,-0.010471975430846214,0.0,3.405137300491333,-70.61059166666668,41.639526666666676
2025-01-19 00:16:17.935000064,0.26316481828689575,0.005235987715423107,-0.013962633907794952,0.0,3.408627986907959,-70.61059166666668,41.639526666666676
2025-01-19 00:16:22.002000128,0.3084404766559601,0.012217304669320583,-0.015707964077591896,0.0,3.4138641357421875,-70.61059166666668,41.639526666666676
2025-01-19 00:16:30.296999936,0.3763539791107178,0.008726646192371845,-0.012217304669320583,0.0,3.4138641357421875,-70.61059166666668,41.639526666666676
2025-01-19 00:16:34.365999872,0.3084404766559601,0.010471975430846214,-0.015707964077591896,0.0,3.415609359741211,-70.61059166666668,41.639526666666676
2025-01-19 00:16:38.430000128,0.3763539791107178,0.005235987715423107,-0.012217304669320583,0.0,3.408627986907959,-70.61059166666668,41.639526666666676
2025-01-19 00:16:42.496000000,0.2858026325702667,0.005235987715423107,-0.010471975430846214,0.0,3.4068827629089355,-70.61059166666668,41.639526666666676
2025-01-19 00:16:46.562000128,0.3084404766559601,0.006981316953897476,-0.010471975430846214,0.0,3.4033920764923096,-70.61059166666668,41.639526666666676
2025-01-19 00:16:50.632000000,0.21788914501667023,0.006981316953897476,-0.008726646192371845,0.0,3.405137300491333,-70.61059166666668,41.639526666666676
2025-01-19 00:16:54.697999872,0.21788914501667023,0.005235987715423107,-0.012217304669320583,0.0,3.4068827629089355,-70.61059166666668,41.639526666666676
2025-01-19 00:16:58.767000064,0.2858026325702667,0.003490658476948738,-0.013962633907794952,0.0,3.408627986907959,-70.61059166666668,41.639526666666676
2025-01-19 00:17:02.832999936,0.26316481828689575,0.005235987715423107,-0.013962633907794952,0.0,3.4103734493255615,-70.61059166666668,41.639526666666676
2025-01-19 00:17:06.901999872,0.21788914501667023,0.005235987715423107,-0.010471975430846214,0.0,3.4068827629089355,-70.61059166666668,41.639526666666676
2025-01-19 00:17:10.968000000,0.19525131583213806,0.010471975430846214,-0.013962633907794952,0.0,3.4103734493255615,-70.61059166666668,41.639526666666676
2025-01-19 00:17:15.035000064,0.33107832074165344,0.008726646192371845,-0.012217304669320583,0.0,3.4103734493255615,-70.61059166666668,41.639526666666676
2025-01-19 00:17:23.862999808,0.33107832074165344,0.006981316953897476,-0.01745329238474369,0.0,3.4173545837402344,-70.61059166666668,41.639526666666676
2025-01-19 00:17:27.933000192,0.2405269742012024,0.010471975430846214,-0.013962633907794952,0.0,3.4103734493255615,-70.61059166666668,41.639526666666676
2025-01-19 00:17:32.002000128,0.3084404766559601,0.006981316953897476,-0.012217304669320583,0.0,3.412118673324585,-70.61059166666668,41.639526666666676
2025-01-19 00:17:36.072000000,0.26316481828689575,0.005235987715423107,-0.012217304669320583,0.0,3.4068827629089355,-70.61059166666668,41.639526666666676
2025-01-19 00:17:42.970000128,0.2405269742012024,0.005235987715423107,-0.010471975430846214,0.0,3.4068827629089355,-70.61059166666668,41.639526666666676
2025-01-19 00:17:47.040999936,0.1726134717464447,0.005235987715423107,-0.010471975430846214,0.0,3.4033920764923096,-70.61059166666668,41.639526666666676
2025-01-19 00:17:51.109999872,0.12733781337738037,0.006981316953897476,-0.012217304669320583,0.0,3.4068827629089355,-70.61059166666668,41.639526666666676
2025-01-19 00:17:55.180999936,0.12733781337738037,0.005235987715423107,-0.013962633907794952,0.0,3.4103734493255615,-70.61059166666668,41.639526666666676
2025-01-19 00:18:02.092000000,0.14997564256191254,0.005235987715423107,-0.015707964077591896,0.0,3.4103734493255615,-70.61059166666668,41.639526666666676
2025-01-19 00:18:06.160999936,0.08206214755773544,0.008726646192371845,-0.012217304669320583,0.0,3.408627986907959,-70.61059166666668,41.639526666666676
2025-01-19 00:18:10.231000064,0.26316481828689575,0.005235987715423107,-0.015707964077591896,0.0,3.4103734493255615,-70.61059166666668,41.639526666666676
2025-01-19 00:18:14.302000128,0.12733781337738037,0.005235987715423107,-0.010471975430846214,0.0,3.4068827629089355,-70.61059166666668,41.639526666666676
2025-01-19 00:18:18.368999936,0.1726134717464447,0.005235987715423107,-0.013962633907794952,0.0,3.412118673324585,-70.61059166666668,41.639526666666676
2025-01-19 00:18:22.437999872,0.1726134717464447,0.008726646192371845,-0.013962633907794952,0.0,3.4138641357421875,-70.61059166666668,41.639526666666676
2025-01-19 00:18:26.508999936,0.19525131583213806,0.003490658476948738,-0.015707964077591896,0.0,3.4138641357421875,-70.61059166666668,41.639526666666676
2025-01-19 00:18:30.578000128,0.26316481828689575,0.005235987715423107,-0.010471975430846214,0.0,3.4103734493255615,-70.61059166666668,41.639526666666676
2025-01-19 00:18:34.647000064,0.21788914501667023,0.006981316953897476,-0.013962633907794952,0.0,3.412118673324585,-70.61059166666668,41.639526666666676
2025-01-19 00:18:38.714999808,0.19525131583213806,0.005235987715423107,-0.015707964077591896,0.0,3.4138641357421875,-70.61059166666668,41.639526666666676
2025-01-19 00:18:42.782000128,0.2405269742012024,0.008726646192371845,-0.01745329238474369,0.0,3.415609359741211,-70.61059166666668,41.639526666666676
2025-01-19 00:18:46.851000064,0.14997564256191254,0.005235987715423107,-0.012217304669320583,0.0,3.405137300491333,-70.61059166666668,41.639526666666676
2025-01-19 00:18:57.856000000,0.19525131583213806,0.006981316953897476,-0.012217304669320583,0.0,3.408627986907959,-70.61059166666668,41.639526666666676
2025-01-19 00:19:01.928000000,0.10469997674226761,0.010471975430846214,-0.015707964077591896,0.0,3.415609359741211,-70.61059166666668,41.639526666666676
2025-01-19 00:19:05.997999872,0.2858026325702667,0.008726646192371845,-0.013962633907794952,0.0,3.4103734493255615,-70.61059166666668,41.639526666666676
2025-01-19 00:19:10.065999872,0.12733781337738037,0.006981316953897476,-0.012217304669320583,0.0,3.4068827629089355,-70.61059166666668,41.639526666666676
2025-01-19 00:19:14.137000192,0.12733781337738037,0.005235987715423107,-0.013962633907794952,0.0,3.412118673324585,-70.61059166666668,41.639526666666676
2025-01-19 00:19:18.204000000,0.14997564256191254,0.006981316953897476,-0.01745329238474369,0.0,3.4138641357421875,-70.61059166666668,41.639526666666676
2025-01-19 00:19:22.272999936,0.1726134717464447,0.008726646192371845,-0.010471975430846214,0.0,3.4068827629089355,-70.61059166666668,41.639526666666676
2025-01-19 00:19:26.341000192,0.12733781337738037,0.005235987715423107,-0.012217304669320583,0.0,3.408627986907959,-70.61059166666668,41.639526666666676
2025-01-19 00:19:30.413000192,0.12733781337738037,0.003490658476948738,-0.013962633907794952,0.0,3.408627986907959,-70.61059166666668,41.639526666666676
2025-01-19 00:19:34.571000064,0.10469997674226761,0.008726646192371845,-0.010471975430846214,0.0,3.4068827629089355,-70.61059166666668,41.639526666666676
2025-01-19 00:19:38.639000064,0.2405269742012024,0.003490658476948738,-0.012217304669320583,0.0,3.4068827629089355,-70.61059166666668,41.639526666666676
2025-01-19 00:19:50.360999936,0.21788914501667023,0.008726646192371845,-0.01745329238474369,0.0,3.415609359741211,-70.61059166666668,41.639526666666676
2025-01-19 00:19:54.432000000,0.12733781337738037,0.003490658476948738,-0.010471975430846214,0.0,3.4033920764923096,-70.61059166666668,41.639526666666676
2025-01-19 00:19:58.499000064,0.2405269742012024,0.003490658476948738,-0.012217304669320583,0.0,3.4068827629089355,-70.61059166666668,41.639526666666676
2025-01-19 00:20:02.572000000,0.14997564256191254,0.003490658476948738,-0.008726646192371845,0.0,3.4033920764923096,-70.61059166666668,41.639526666666676
2025-01-19 00:20:06.639000064,0.1726134717464447,0.006981316953897476,-0.015707964077591896,0.0,3.4103734493255615,-70.61059166666668,41.639526666666676
2025-01-19 00:20:10.708000000,0.21788914501667023,0.006981316953897476,-0.013962633907794952,0.0,3.4138641357421875,-70.61059166666668,41.639526666666676
2025-01-19 00:20:14.780000000,0.19525131583213806,0.003490658476948738,-0.013962633907794952,0.0,3.412118673324585,-70.61059166666668,41.639526666666676
2025-01-19 00:20:18.848000000,0.12733781337738037,0.003490658476948738,-0.013962633907794952,0.0,3.4068827629089355,-70.61059166666668,41.639526666666676
2025-01-19 00:20:22.915000064,0.19525131583213806,0.005235987715423107,-0.010471975430846214,0.0,3.401646614074707,-70.61059166666668,41.639526666666676
2025-01-19 00:20:26.984000000,0.12733781337738037,0.001745329238474369,-0.008726646192371845,0.0,3.401646614074707,-70.61059166666668,41.639526666666676
2025-01-19 00:20:41.736999936,0.39899179339408875,0.003490658476948738,-0.012217304669320583,0.0,3.408627986907959,-70.61059166666668,41.639526666666676
2025-01-19 00:20:45.789999872,0.3763539791107178,0.006981316953897476,-0.015707964077591896,0.0,3.426081418991089,-70.61059166666668,41.639526666666676
2025-01-19 00:20:49.851000064,0.39899179339408875,0.005235987715423107,-0.013962633907794952,0.0,3.4243359565734863,-70.61059166666668,41.639526666666676
2025-01-19 00:20:53.914000128,0.33107832074165344,0.006981316953897476,-0.013962633907794952,0.0,3.4208452701568604,-70.61059166666668,41.639526666666676
2025-01-19 00:20:57.977999872,0.3537161350250244,0.006981316953897476,-0.012217304669320583,0.0,3.4208452701568604,-70.61059166666668,41.639526666666676
2025-01-19 00:21:02.045000192,0.3763539791107178,0.005235987715423107,-0.010471975430846214,0.0,3.4173545837402344,-70.61059166666668,41.639526666666676
2025-01-19 00:21:06.111000064,0.3537161350250244,0.006981316953897476,-0.013962633907794952,0.0,3.4208452701568604,-70.61059166666668,41.639526666666676
2025-01-19 00:21:10.173000192,0.33107832074165344,0.005235987715423107,-0.012217304669320583,0.0,3.419100046157837,-70.61059166666668,41.639526666666676
2025-01-19 00:21:14.236000000,0.33107832074165344,0.001745329238474369,-0.013962633907794952,0.0,3.422590732574463,-70.61059166666668,41.639526666666676
2025-01-19 00:21:18.301000192,0.33107832074165344,0.008726646192371845,-0.012217304669320583,0.0,3.422590732574463,-70.61059166666668,41.639526666666676
2025-01-19 00:21:22.364999936,0.3084404766559601,0.005235987715423107,-0.012217304669320583,0.0,3.4208452701568604,-70.61059166666668,41.639526666666676
2025-01-19 00:21:26.427000064,0.3537161350250244,0.005235987715423107,-0.012217304669320583,0.0,3.4173545837402344,-70.61059166666668,41.639526666666676
2025-01-19 00:21:30.490000128,0.3537161350250244,0.006981316953897476,-0.005235987715423107,0.0,3.412118673324585,-70.61059166666668,41.639526666666676
2025-01-19 00:21:34.551000064,0.3084404766559601,0.006981316953897476,-0.013962633907794952,0.0,3.422590732574463,-70.61059166666668,41.639526666666676
2025-01-19 00:21:38.617000192,0.3763539791107178,0.005235987715423107,-0.012217304669320583,0.0,3.4208452701568604,-70.61059166666668,41.639526666666676
2025-01-19 00:21:42.677999872,0.3763539791107178,0.008726646192371845,-0.013962633907794952,0.0,3.422590732574463,-70.61059166666668,41.639526666666676
2025-01-19 00:21:46.742000128,0.3084404766559601,0.006981316953897476,-0.013962633907794952,0.0,3.4208452701568604,-70.61059166666668,41.639526666666676
2025-01-19 00:21:50.804000000,0.4216296374797821,0.003490658476948738,-0.010471975430846214,0.0,3.4173545837402344,-70.61059166666668,41.639526666666676
2025-01-19 00:21:54.868000000,0.3537161350250244,0.005235987715423107,-0.013962633907794952,0.0,3.422590732574463,-70.61059166666668,41.639526666666676
2025-01-19 00:22:03.964000000,0.3763539791107178,0.008726646192371845,-0.013962633907794952,0.0,3.422590732574463,-70.61059166666668,41.639526666666676
2025-01-19 00:22:08.026000128,0.3084404766559601,0.010471975430846214,-0.013962633907794952,0.0,3.4243359565734863,-70.61059166666668,41.639526666666676
2025-01-19 00:22:12.092999936,0.3084404766559601,0.006981316953897476,-0.013962633907794952,0.0,3.422590732574463,-70.61059166666668,41.639526666666676
2025-01-19 00:22:16.156000000,0.2858026325702667,0.003490658476948738,-0.013962633907794952,0.0,3.422590732574463,-70.61059166666668,41.639526666666676
2025-01-19 00:22:20.220000000,0.33107832074165344,0.005235987715423107,-0.013962633907794952,0.0,3.422590732574463,-70.61059166666668,41.639526666666676
2025-01-19 00:22:24.283000064,0.26316481828689575,0.003490658476948738,-0.010471975430846214,0.0,3.415609359741211,-70.61059166666668,41.639526666666676
2025-01-19 00:22:28.344000000,0.2858026325702667,0.006981316953897476,-0.013962633907794952,0.0,3.4243359565734863,-70.61059166666668,41.639526666666676
2025-01-19 00:22:32.408999936,0.3084404766559601,0.005235987715423107,-0.010471975430846214,0.0,3.419100046157837,-70.61059166666668,41.639526666666676
2025-01-19 00:22:36.471000064,0.2858026325702667,0.005235987715423107,-0.013962633907794952,0.0,3.4243359565734863,-70.61059166666668,41.639526666666676
2025-01-19 00:22:40.532000000,0.3537161350250244,0.006981316953897476,-0.013962633907794952,0.0,3.4243359565734863,-70.61059166666668,41.639526666666676
2025-01-19 00:22:44.576999936,0.10469997674226761,0.001745329238474369,-0.010471975430846214,0.0,3.405137300491333,-70.61059166666668,41.639526666666676
2025-01-19 00:22:48.644999936,0.08206214755773544,0.006981316953897476,-0.010471975430846214,0.0,3.405137300491333,-70.61059166666668,41.639526666666676
2025-01-19 00:22:52.711000064,0.1726134717464447,0.003490658476948738,-0.010471975430846214,0.0,3.405137300491333,-70.61059166666668,41.639526666666676
2025-01-19 00:22:56.780999936,0.1726134717464447,0.001745329238474369,-0.010471975430846214,0.0,3.4033920764923096,-70.61059166666668,41.639526666666676
2025-01-19 00:23:00.848999936,0.1726134717464447,0.0,-0.010471975430846214,0.0,3.401646614074707,-70.61059166666668,41.639526666666676
2025-01-19 00:23:04.920000000,0.03678647801280022,0.008726646192371845,-0.012217304669320583,0.0,3.408627986907959,-70.61059166666668,41.639526666666676
2025-01-19 00:23:08.989000192,0.14997564256191254,0.006981316953897476,-0.010471975430846214,0.0,3.4068827629089355,-70.61059166666668,41.639526666666676
2025-01-19 00:23:13.060000000,0.14997564256191254,0.008726646192371845,-0.008726646192371845,0.0,3.4033920764923096,-70.61059166666668,41.639526666666676
2025-01-19 00:23:17.130000128,0.1726134717464447,0.008726646192371845,-0.01745329238474369,0.0,3.415609359741211,-70.61059166666668,41.639526666666676
2025-01-19 00:23:25.326999808,0.19525131583213806,0.006981316953897476,-0.008726646192371845,0.0,3.401646614074707,-70.61059166666668,41.639526666666676
2025-01-19 00:23:29.403000064,0.2858026325702667,0.006981316953897476,-0.012217304669320583,0.0,3.4103734493255615,-70.61059166666668,41.639526666666676
2025-01-19 00:23:39.456999936,0.10469997674226761,0.005235987715423107,-0.012217304669320583,0.0,3.408627986907959,-70.61059166666668,41.639526666666676
2025-01-19 00:23:43.510999808,0.14997564256191254,0.003490658476948738,-0.012217304669320583,0.0,3.408627986907959,-70.61059166666668,41.639526666666676
2025-01-19 00:23:51.624000000,0.14997564256191254,0.008726646192371845,-0.012217304669320583,0.0,3.4103734493255615,-70.61059166666668,41.639526666666676
2025-01-19 00:23:55.678999808,0.10469997674226761,0.005235987715423107,-0.013962633907794952,0.0,3.4103734493255615,-70.61059166666668,41.639526666666676
2025-01-19 00:24:04.784000000,0.19525131583213806,0.005235987715423107,-0.008726646192371845,0.0,3.405137300491333,-70.61059166666668,41.639526666666676
2025-01-19 00:24:08.858000128,0.1726134717464447,0.010471975430846214,-0.013962633907794952,0.0,3.412118673324585,-70.61059166666668,41.639526666666676
2025-01-19 00:24:12.924000000,0.12733781337738037,0.008726646192371845,-0.013962633907794952,0.0,3.408627986907959,-70.61059166666668,41.639526666666676
2025-01-19 00:24:20.956000000,0.19525131583213806,0.003490658476948738,-0.012217304669320583,0.0,3.408627986907959,-70.61059166666668,41.639526666666676
2025-01-19 00:24:25.030999808,0.19525131583213806,0.006981316953897476,-0.01745329238474369,0.0,3.415609359741211,-70.61059166666668,41.639526666666676
2025-01-19 00:24:29.101000192,0.1726134717464447,0.001745329238474369,-0.015707964077591896,0.0,3.408627986907959,-70.61059166666668,41.639526666666676
2025-01-19 00:24:33.168999936,0.14997564256191254,0.006981316953897476,-0.013962633907794952,0.0,3.412118673324585,-70.61059166666668,41.639526666666676
2025-01-19 00:24:37.328999936,0.12733781337738037,0.006981316953897476,-0.013962633907794952,0.0,3.408627986907959,-70.61059166666668,41.639526666666676
2025-01-19 00:24:41.400000000,0.14997564256191254,0.006981316953897476,-0.010471975430846214,0.0,3.405137300491333,-70.61059166666668,41.639526666666676
2025-01-19 00:24:45.470000128,0.26316481828689575,0.003490658476948738,-0.015707964077591896,0.0,3.412118673324585,-70.61059166666668,41.639526666666676
2025-01-19 00:24:52.078000128,0.12733781337738037,0.006981316953897476,-0.015707964077591896,0.0,3.4138641357421875,-70.61059166666668,41.639526666666676
2025-01-19 00:25:02.838000128,0.05942431092262268,0.006981316953897476,-0.013962633907794952,0.0,3.408627986907959,-70.61059166666668,41.639526666666676
2025-01-19 00:25:08.457999872,0.19525131583213806,0.005235987715423107,-0.013962633907794952,0.0,3.4103734493255615,-70.61059166666668,41.639526666666676
2025-01-19 00:25:12.529999872,0.10469997674226761,0.006981316953897476,-0.010471975430846214,0.0,3.4068827629089355,-70.61059166666668,41.639526666666676
2025-01-19 00:25:20.920000000,0.10469997674226761,0.006981316953897476,-0.012217304669320583,0.0,3.4068827629089355,-70.61059166666668,41.639526666666676
2025-01-19 00:25:25.016000000,0.2715776860713959,0.001745329238474369,-0.013962633907794952,0.0,3.412118673324585,-70.61059166666668,41.639526666666676
2025-01-19 00:25:29.508000000,0.06789442151784897,0.005235987715423107,-0.012217304669320583,0.0,3.408627986907959,-70.61059166666668,41.639526666666676
2025-01-19 00:26:30.664999936,0.06789442151784897,0.008726646192371845,-0.010471975430846214,0.0,3.405137300491333,-70.61059166666668,41.639526666666676
2025-01-19 00:27:07.355000064,0.11315737664699554,0.003490658476948738,-0.013962633907794952,0.0,3.4103734493255615,-70.61059166666668,41.639526666666676
2025-01-19 00:27:11.423000064,0.02263147383928299,0.008726646192371845,-0.010471975430846214,0.0,3.4103734493255615,-70.61059166666668,41.639526666666676
2025-01-19 00:27:31.815000064,0.15842032432556152,0.006981316953897476,-0.012217304669320583,0.0,3.4068827629089355,-70.61059166666668,41.639526666666676
2025-01-19 00:27:56.285000192,0.04526294767856598,0.003490658476948738,-0.010471975430846214,0.0,3.405137300491333,-70.61059166666668,41.639526666666676
2025-01-19 00:28:00.365999872,0.02263147383928299,0.005235987715423107,-0.015707964077591896,0.0,3.412118673324585,-70.61059166666668,41.639526666666676
2025-01-19 00:28:04.444999936,0.18105179071426392,0.003490658476948738,-0.013962633907794952,0.0,3.415609359741211,-70.61059166666668,41.639526666666676
2025-01-19 00:28:08.525000192,0.13578884303569794,0.008726646192371845,-0.008726646192371845,0.0,3.405137300491333,-70.61059166666668,41.639526666666676
2025-01-19 00:28:28.930000128,0.34519556164741516,0.005235987715423107,-0.010471975430846214,0.0,3.4033920764923096,-70.61059166666668,41.639526666666676
2025-01-19 00:31:33.220999936,0.36491408944129944,0.003490658476948738,-0.012217304669320583,0.0,3.422590732574463,-70.61059166666668,41.639526666666676
2025-01-19 00:31:53.627000064,0.002828791504725814,0.003490658476948738,-0.013962633907794952,0.0,3.4208452701568604,-70.61059166666668,41.639526666666676
2025-01-19 00:32:18.112999936,0.04808945581316948,0.006981316953897476,-0.012217304669320583,0.0,3.4208452701568604,-70.61059166666668,41.639526666666676
2025-01-19 00:32:26.264000000,0.002828791504725814,0.003490658476948738,-0.013962633907794952,0.0,3.419100046157837,-70.61059166666668,41.639526666666676
2025-01-19 00:32:50.743000064,0.2065017819404602,0.006981316953897476,-0.013962633907794952,0.0,3.4243359565734863,-70.61059166666668,41.639526666666676
2025-01-19 00:32:58.901999872,0.02545912377536297,0.006981316953897476,-0.012217304669320583,0.0,3.419100046157837,-70.61059166666668,41.639526666666676
2025-01-19 00:33:02.980000000,0.07071978598833084,0.006981316953897476,-0.012217304669320583,0.0,3.419100046157837,-70.61059166666668,41.639526666666676
2025-01-19 00:33:35.714999808,0.13861078023910522,0.006981316953897476,-0.013962633907794952,0.0,3.422590732574463,-70.61059166666668,41.639526666666676
2025-01-19 00:34:08.340000000,0.02545912377536297,0.006981316953897476,-0.015707964077591896,0.0,3.426081418991089,-70.61059166666668,41.639526666666676
2025-01-19 00:34:36.900000000,0.4357316195964813,0.005235987715423107,-0.015707964077591896,0.0,3.4243359565734863,-70.61059166666668,41.639526666666676
2025-01-19 00:36:47.416000000,0.20937752723693848,0.005235987715423107,-0.010471975430846214,0.0,3.3667402267456055,-70.61059166666668,41.639526666666676
2025-01-19 00:38:17.198999808,0.20937752723693848,0.008726646192371845,-0.006981316953897476,0.0,3.3632495403289795,-70.61059166666668,41.639526666666676
2025-01-19 00:39:02.035000064,0.11883589625358582,0.008726646192371845,-0.012217304669320583,0.0,3.371976137161255,-70.61059166666668,41.639526666666676
2025-01-19 00:39:24.477999872,0.11887433379888535,0.006981316953897476,-0.012217304669320583,0.0,3.3702306747436523,-70.61059166666668,41.639526666666676
2025-01-19 00:42:26.639000064,0.1555916965007782,0.005235987715423107,-0.015707964077591896,0.0,3.4243359565734863,-70.61059166666668,41.639526666666676
2025-01-19 00:43:18.198999808,0.08769714087247849,0.006981316953897476,-0.015707964077591896,0.0,3.4243359565734863,-70.61059166666668,41.639526666666676
2025-01-19 00:43:22.286000128,0.08769714087247849,0.005235987715423107,-0.010471975430846214,0.0,3.4173545837402344,-70.61059166666668,41.639526666666676
2025-01-19 00:43:56.374000128,0.042434100061655045,0.006981316953897476,-0.012217304669320583,0.0,3.4068827629089355,-70.61059166666668,41.639526666666676
2025-01-19 00:45:08.456000000,0.26874929666519165,0.005235987715423107,-0.010471975430846214,0.0,3.4278266429901123,-70.61059166666668,41.639526666666676
2025-01-19 00:45:20.693000192,0.17822322249412537,0.008726646192371845,-0.012217304669320583,0.0,3.426081418991089,-70.61059166666668,41.639526666666676
2025-01-19 00:45:24.768999936,0.20085474848747253,0.003490658476948738,-0.010471975430846214,0.0,3.4243359565734863,-70.61059166666668,41.639526666666676
2025-01-19 00:45:28.848999936,0.7213796973228455,0.005235987715423107,-0.012217304669320583,0.0,3.426081418991089,-70.61059166666668,41.639526666666676
2025-01-19 00:45:33.181999872,0.7666427493095398,0.006981316953897476,-0.010471975430846214,0.0,3.4278266429901123,-70.61059166666668,41.639526666666676
2025-01-19 00:45:37.249999872,0.05659012123942375,0.006981316953897476,-0.010471975430846214,0.0,3.4243359565734863,-70.61059166666668,41.639526666666676
2025-01-19 00:48:41.556999936,0.16977035999298096,0.008726646192371845,-0.006981316953897476,0.0,3.3999013900756836,-70.61059166666668,41.639526666666676
2025-01-19 00:48:45.624999936,0.28295060992240906,0.005235987715423107,-0.015707964077591896,0.0,3.412118673324585,-70.61059166666668,41.639526666666676
2025-01-19 00:48:49.697999872,0.26031455397605896,0.005235987715423107,-0.01745329238474369,0.0,3.415609359741211,-70.61059166666668,41.639526666666676
2025-01-19 00:48:53.765000192,0.23767851293087006,0.005235987715423107,-0.006981316953897476,0.0,3.39815616607666,-70.61059166666668,41.639526666666676
2025-01-19 00:48:57.832000000,0.35085874795913696,0.008726646192371845,-0.008726646192371845,0.0,3.405137300491333,-70.61059166666668,41.639526666666676
2025-01-19 00:49:01.900999936,0.21504245698451996,0.005235987715423107,-0.006981316953897476,0.0,3.401646614074707,-70.61059166666668,41.639526666666676
2025-01-19 00:49:05.969000192,0.28295060992240906,0.012217304669320583,-0.022689281031489372,0.0,3.426081418991089,-70.61059166666668,41.639526666666676
2025-01-19 00:49:10.042000128,0.23767851293087006,0.008726646192371845,-0.012217304669320583,0.0,3.4068827629089355,-70.61059166666668,41.639526666666676
2025-01-19 00:49:14.109999872,0.30558666586875916,0.006981316953897476,-0.010471975430846214,0.0,3.4033920764923096,-70.61059166666668,41.639526666666676
2025-01-19 00:49:18.176000000,0.21504245698451996,0.005235987715423107,-0.010471975430846214,0.0,3.4033920764923096,-70.61059166666668,41.639526666666676
2025-01-19 00:49:22.249999872,0.23767851293087006,0.010471975430846214,-0.001745329238474369,0.0,3.391174793243408,-70.61059166666668,41.639526666666676
2025-01-19 00:49:34.675000064,0.21504245698451996,0.001745329238474369,-0.013962633907794952,0.0,3.4068827629089355,-70.61059166666668,41.639526666666676
2025-01-19 00:49:38.744999936,0.30558666586875916,0.006981316953897476,-0.010471975430846214,0.0,3.4033920764923096,-70.61059166666668,41.639526666666676
2025-01-19 00:49:42.812000000,0.12449827045202255,0.006981316953897476,-0.012217304669320583,0.0,3.4068827629089355,-70.61059166666668,41.639526666666676
2025-01-19 00:49:46.880999936,0.21504245698451996,0.008726646192371845,-0.012217304669320583,0.0,3.4068827629089355,-70.61059166666668,41.639526666666676
2025-01-19 00:49:57.660999936,0.17830105125904083,0.005235987715423107,-0.012217304669320583,0.0,3.4068827629089355,-70.61059166666668,41.639526666666676
2025-01-19 12:15:20.416000000,0.04279337078332901,0.006981316953897476,-0.01745329238474369,0.0,3.4295718669891357,-70.61058560808408,41.6395702494743
2025-01-19 12:15:24.492000000,0.4356541335582733,0.006981316953897476,-0.012217304669320583,0.0,3.4208452701568604,-70.6105853408303,41.639572171981754
2025-01-19 12:15:36.740000000,0.11881475895643234,0.006981316953897476,-0.013962633907794952,0.0,3.426081418991089,-70.61058453775765,41.63957794893705
2025-01-19 12:15:40.812999936,0.14144614338874817,0.006981316953897476,-0.012217304669320583,0.0,3.422590732574463,-70.61058427070058,41.63957987002939
2025-01-19 12:15:44.885999872,0.1640775352716446,0.008726646192371845,-0.012217304669320583,0.0,3.4208452701568604,-70.61058400364351,41.63958179112172
2025-01-19 12:15:48.960000000,0.18670891225337982,0.006981316953897476,-0.012217304669320583,0.0,3.4208452701568604,-70.61058373652088,41.63958371268579
2025-01-19 12:16:09.372999936,0.18670891225337982,0.005235987715423107,-0.013962633907794952,0.0,3.422590732574463,-70.61058239808831,41.63959334078742
2025-01-19 12:16:13.447000064,0.09618338197469711,0.010471975430846214,-0.010471975430846214,0.0,3.419100046157837,-70.61058213096567,41.6395952623515
2025-01-19 12:16:17.520999936,0.07355199754238129,0.006981316953897476,-0.010471975430846214,0.0,3.419100046157837,-70.61058186384304,41.639597183915456
2025-01-19 12:16:21.592999936,0.1640775352716446,0.008726646192371845,-0.015707964077591896,0.0,3.426081418991089,-70.61058159685155,41.63959910453616
2025-01-19 12:16:41.992999936,0.18670891225337982,0.008726646192371845,-0.008726646192371845,0.0,3.4138641357421875,-70.61058025927134,41.639608726506246
2025-01-19 12:16:46.066999808,0.14144614338874817,0.005235987715423107,-0.013962633907794952,0.0,3.4243359565734863,-70.61057999214871,41.63961064807021
2025-01-19 12:16:50.140999936,0.1640775352716446,0.008726646192371845,-0.010471975430846214,0.0,3.4208452701568604,-70.61057972502607,41.63961256963429
2025-01-19 12:16:54.214999808,0.11881475895643234,0.006981316953897476,-0.012217304669320583,0.0,3.4208452701568604,-70.61057945790346,41.639614491198245
2025-01-19 12:17:14.616000000,0.20934028923511505,0.006981316953897476,-0.012217304669320583,0.0,3.4243359565734863,-70.61057812025768,41.63962411363997
2025-01-19 12:17:18.690000128,0.18670891225337982,0.010471975430846214,-0.013962633907794952,0.0,3.426081418991089,-70.61057785313504,41.63962603520404
2025-01-19 12:17:22.765000192,0.18670891225337982,0.005235987715423107,-0.013962633907794952,0.0,3.4243359565734863,-70.61057758594684,41.639627957239746
2025-01-19 12:17:26.838000128,0.1640775352716446,0.006981316953897476,-0.013962633907794952,0.0,3.422590732574463,-70.61057731888978,41.63962987833208
2025-01-19 12:17:47.328000000,0.23197168111801147,0.005235987715423107,-0.012217304669320583,0.0,3.422590732574463,-70.6105759754085,41.63963954275199
2025-01-19 12:17:51.400000000,0.23197168111801147,0.008726646192371845,-0.01745329238474369,0.0,3.4278266429901123,-70.610575708417,41.6396414633727
2025-01-19 12:17:55.473999872,0.20934028923511505,0.006981316953897476,-0.012217304669320583,0.0,3.422590732574463,-70.61057544129437,41.639643384936655
2025-01-19 12:17:59.552000000,0.23197168111801147,0.005235987715423107,-0.010471975430846214,0.0,3.419100046157837,-70.61057517390947,41.639645308387365
2025-01-19 12:18:19.953999872,0.20934028923511505,0.005235987715423107,-0.012217304669320583,0.0,3.4208452701568604,-70.61057383619813,41.63965493130072
2025-01-19 12:18:24.028000000,0.23197168111801147,0.003490658476948738,-0.01745329238474369,0.0,3.4278266429901123,-70.6105735690755,41.639656852864796
2025-01-19 12:18:28.101999872,0.3282439410686493,0.006981316953897476,-0.012217304669320583,0.0,3.4208452701568604,-70.61057330195287,41.63965877442875
2025-01-19 12:21:31.609999872,0.2828957140445709,0.008726646192371845,-0.013962633907794952,0.0,3.422590732574463,-70.61056126976335,41.63974532876591
2025-01-19 12:21:35.691000064,0.19236908853054047,0.008726646192371845,-0.013962633907794952,0.0,3.4278266429901123,-70.61056100218174,41.639747253631626
2025-01-19 12:21:39.838000128,0.19236908853054047,0.005235987715423107,-0.010471975430846214,0.0,3.4138641357421875,-70.61056073027265,41.63974920962724
2025-01-19 12:21:43.912000000,0.19236908853054047,0.008726646192371845,-0.015707964077591896,0.0,3.426081418991089,-70.61056046315004,41.639751131191204
2025-01-19 12:21:47.986000128,0.19236908853054047,0.005235987715423107,-0.010471975430846214,0.0,3.419100046157837,-70.6105601960274,41.639753052755275
2025-01-19 12:22:08.395000064,0.16973742842674255,0.005235987715423107,-0.013962633907794952,0.0,3.422590732574463,-70.61055885785709,41.63976267897027
2025-01-19 12:22:12.469000192,0.16973742842674255,0.006981316953897476,-0.010471975430846214,0.0,3.4173545837402344,-70.61055859073446,41.63976460053434
2025-01-19 12:22:16.540999936,0.03394748643040657,0.008726646192371845,-0.015707964077591896,0.0,3.4278266429901123,-70.61055832374296,41.63976652115493
2025-01-19 12:22:20.616000000,0.0792108029127121,0.005235987715423107,-0.013962633907794952,0.0,3.422590732574463,-70.61055805655477,41.63976844319064
2025-01-19 12:22:41.012000000,0.16973742842674255,0.005235987715423107,-0.013962633907794952,0.0,3.4243359565734863,-70.61055671923683,41.639778063274086
2025-01-19 12:22:45.085999872,0.16973742842674255,0.003490658476948738,-0.01745329238474369,0.0,3.426081418991089,-70.61055645211421,41.63977998483805
2025-01-19 12:22:49.160999936,0.19236908853054047,0.003490658476948738,-0.010471975430846214,0.0,3.419100046157837,-70.610556184926,41.63978190687376
2025-01-19 12:22:53.234999808,0.10184246301651001,0.012217304669320583,-0.015707964077591896,0.0,3.4243359565734863,-70.61055591780337,41.63978382843772
2025-01-19 12:23:13.638000128,0.19236908853054047,0.008726646192371845,-0.013962633907794952,0.0,3.4243359565734863,-70.61055458002647,41.63979345182281
2025-01-19 12:23:17.712000000,0.19236908853054047,0.005235987715423107,-0.012217304669320583,0.0,3.4208452701568604,-70.61055431290384,41.639795373386775
2025-01-19 12:23:21.785000192,0.19236908853054047,0.006981316953897476,-0.013962633907794952,0.0,3.4243359565734863,-70.61055404584677,41.639797294479216
2025-01-19 12:23:25.859000064,0.12447411566972733,0.008726646192371845,-0.013962633907794952,0.0,3.4243359565734863,-70.61055377872414,41.63979921604318
2025-01-19 12:23:46.256000000,0.12447411566972733,0.008726646192371845,-0.013962633907794952,0.0,3.426081418991089,-70.61055244134064,41.63980883659826
2025-01-19 12:23:50.332999936,0.14710576832294464,0.003490658476948738,-0.010471975430846214,0.0,3.415609359741211,-70.61055217402131,41.63981075957723
2025-01-19 12:23:54.405999872,0.14710576832294464,0.005235987715423107,-0.015707964077591896,0.0,3.4295718669891357,-70.61055190696425,41.639812680669564
2025-01-19 12:23:58.480999936,0.14710576832294464,0.005235987715423107,-0.013962633907794952,0.0,3.422590732574463,-70.61055163977605,41.63981460270527
2025-01-19 12:24:18.878000128,0.12447411566972733,0.005235987715423107,-0.015707964077591896,0.0,3.4243359565734863,-70.61055030239255,41.639824223260355
2025-01-19 12:24:22.953000192,0.14710576832294464,0.006981316953897476,-0.012217304669320583,0.0,3.422590732574463,-70.61055003520434,41.639826145296055
2025-01-19 12:24:27.025000192,0.12447411566972733,0.010471975430846214,-0.015707964077591896,0.0,3.4278266429901123,-70.61054976821285,41.63982806591676
2025-01-19 12:24:31.099000064,0.14710576832294464,0.006981316953897476,-0.012217304669320583,0.0,3.4208452701568604,-70.61054950109022,41.639829987480724
2025-01-19 12:24:35.175000064,0.2828957140445709,0.008726646192371845,-0.010471975430846214,0.0,3.4173545837402344,-70.61054923383645,41.639831909988054
2025-01-19 12:24:39.256000000,0.35079067945480347,0.006981316953897476,-0.013962633907794952,0.0,3.422590732574463,-70.61054896625484,41.639833834853775
2025-01-19 12:24:43.332999936,0.3960539996623993,0.006981316953897476,-0.013962633907794952,0.0,3.4208452701568604,-70.61054869893552,41.63983575783274
2025-01-19 12:24:47.404999936,0.35079067945480347,0.005235987715423107,-0.010471975430846214,0.0,3.419100046157837,-70.61054843194401,41.63983767845344
2025-01-19 12:24:51.470000128,0.44707462191581726,0.0,-0.010471975430846214,0.0,3.4138641357421875,-70.61054816541149,41.6398395957725
2025-01-19 12:27:55.022000128,0.2772478759288788,0.006981316953897476,-0.012217304669320583,0.0,3.4208452701568604,-70.61053613033698,41.63992617086299
2025-01-19 12:28:07.268000000,0.07355556637048721,0.005235987715423107,-0.010471975430846214,0.0,3.4173545837402344,-70.61053532739547,41.639931946874924
2025-01-19 12:28:11.344999936,0.05092308297753334,0.005235987715423107,-0.013962633907794952,0.0,3.422590732574463,-70.61053506007612,41.639933869854005
2025-01-19 12:28:15.421999872,0.07355556637048721,0.006981316953897476,-0.013962633907794952,0.0,3.4243359565734863,-70.6105347927568,41.63993579283297
2025-01-19 12:28:19.496999936,0.14145299792289734,0.006981316953897476,-0.008726646192371845,0.0,3.4173545837402344,-70.61053452556858,41.63993771486867
2025-01-19 12:28:39.901999872,0.11882052570581436,0.006981316953897476,-0.010471975430846214,0.0,3.4173545837402344,-70.61053318766055,41.63994733919703
2025-01-19 12:28:43.976000000,0.05092308297753334,0.005235987715423107,-0.013962633907794952,0.0,3.4243359565734863,-70.61053292053792,41.63994926076111
2025-01-19 12:28:48.049999872,0.1640854924917221,0.006981316953897476,-0.012217304669320583,0.0,3.4208452701568604,-70.61053265341529,41.63995118232507
2025-01-19 12:28:52.124000000,0.028290601447224617,0.006981316953897476,-0.010471975430846214,0.0,3.4173545837402344,-70.61053238629265,41.63995310388914
2025-01-19 12:29:12.529999872,0.09618804603815079,0.008726646192371845,-0.013962633907794952,0.0,3.426081418991089,-70.61053104831905,41.639962728689135
2025-01-19 12:29:16.605999872,0.05092308297753334,0.005235987715423107,-0.013962633907794952,0.0,3.4208452701568604,-70.6105307810653,41.639964651196465
2025-01-19 12:29:20.680000000,0.09618804603815079,0.008726646192371845,-0.010471975430846214,0.0,3.419100046157837,-70.61053051394265,41.63996657276054
2025-01-19 12:29:24.753999872,0.07355556637048721,0.010471975430846214,-0.012217304669320583,0.0,3.422590732574463,-70.61053024682002,41.639968494324506
2025-01-19 12:29:45.145999872,0.028290601447224617,0.003490658476948738,-0.010471975430846214,0.0,3.4173545837402344,-70.61052890976437,41.639978112521206
2025-01-19 12:29:49.220000000,0.028290601447224617,0.006981316953897476,-0.012217304669320583,0.0,3.422590732574463,-70.61052864264173,41.63998003408528
2025-01-19 12:29:53.384999936,0.1640854924917221,0.006981316953897476,-0.010471975430846214,0.0,3.4173545837402344,-70.61052836955244,41.63998199857082
2025-01-19 12:29:57.459000064,0.1640854924917221,0.003490658476948738,-0.008726646192371845,0.0,3.4138641357421875,-70.6105281024298,41.63998392013489
2025-01-19 12:30:17.862999808,0.05092308297753334,0.008726646192371845,-0.010471975430846214,0.0,3.415609359741211,-70.61052676458735,41.6399935439915
2025-01-19 12:30:21.935000064,0.1640854924917221,0.005235987715423107,-0.013962633907794952,0.0,3.422590732574463,-70.61052649759584,41.639995464612205
2025-01-19 12:30:26.008000000,0.028290601447224617,0.001745329238474369,-0.012217304669320583,0.0,3.419100046157837,-70.61052623053878,41.63999738570453
2025-01-19 12:30:30.083000064,0.05092308297753334,0.005235987715423107,-0.010471975430846214,0.0,3.415609359741211,-70.61052596335058,41.63999930774024
2025-01-19 12:30:50.483000064,0.07355556637048721,0.001745329238474369,-0.012217304669320583,0.0,3.419100046157837,-70.61052462577038,41.640008929710326
2025-01-19 12:30:54.556000000,0.05092308297753334,0.005235987715423107,-0.013962633907794952,0.0,3.4208452701568604,-70.61052435871332,41.64001085080266
2025-01-19 12:30:58.630000128,0.41878044605255127,0.006981316953897476,-0.013962633907794952,0.0,3.422590732574463,-70.61052409159068,41.64001277236674
2025-01-19 12:34:02.221999872,0.10186551511287689,0.006981316953897476,-0.010471975430846214,0.0,3.419100046157837,-70.61051205389347,41.6400993663237
2025-01-19 12:34:06.295000064,0.3282333314418793,0.005235987715423107,-0.012217304669320583,0.0,3.419100046157837,-70.6105117868364,41.64010128741615
2025-01-19 12:34:10.361999872,0.39614367485046387,0.006981316953897476,-0.012217304669320583,0.0,3.422590732574463,-70.61051152017275,41.64010320567847
2025-01-19 12:34:14.428000000,0.3735068738460541,0.005235987715423107,-0.010471975430846214,0.0,3.419100046157837,-70.61051125357466,41.640105123469155
2025-01-19 12:34:18.497999872,0.2829597592353821,0.006981316953897476,-0.012217304669320583,0.0,3.419100046157837,-70.6105109867143,41.640107043146486
2025-01-19 12:34:22.568000000,0.10186551511287689,0.008726646192371845,-0.010471975430846214,0.0,3.422590732574463,-70.61051071985392,41.64010896282392
2025-01-19 12:34:26.640000000,0.3621211647987366,0.006981316953897476,-0.012217304669320583,0.0,3.415609359741211,-70.61051045286243,41.64011088344462
2025-01-19 12:34:38.875000064,0.13579542934894562,0.008726646192371845,-0.013962633907794952,0.0,3.422590732574463,-70.61050965064216,41.640116654268276
2025-01-19 12:34:42.948999936,0.13579542934894562,0.005235987715423107,-0.013962633907794952,0.0,3.4208452701568604,-70.61050938351953,41.64011857583223
2025-01-19 12:34:47.023000064,0.13579542934894562,0.001745329238474369,-0.010471975430846214,0.0,3.4173545837402344,-70.61050911639688,41.64012049739631
2025-01-19 12:34:51.095000064,0.15842801332473755,0.005235987715423107,-0.008726646192371845,0.0,3.415609359741211,-70.61050884940539,41.64012241801701
2025-01-19 12:35:11.500000000,0.11316286027431488,0.008726646192371845,-0.012217304669320583,0.0,3.4208452701568604,-70.61050751149736,41.640132042345364
2025-01-19 12:35:15.573999872,0.15842801332473755,0.005235987715423107,-0.013962633907794952,0.0,3.422590732574463,-70.61050724437473,41.64013396390933
2025-01-19 12:35:19.651000064,0.15842801332473755,0.006981316953897476,-0.013962633907794952,0.0,3.422590732574463,-70.61050697705538,41.64013588688841
2025-01-19 12:35:23.728000000,0.15842801332473755,0.003490658476948738,-0.012217304669320583,0.0,3.4208452701568604,-70.61050670973606,41.640137809867376
2025-01-19 12:35:44.122999808,0.13579542934894562,0.005235987715423107,-0.010471975430846214,0.0,3.4173545837402344,-70.6105053724837,41.640147429479086
2025-01-19 12:35:48.196999936,0.13579542934894562,0.006981316953897476,-0.015707964077591896,0.0,3.4243359565734863,-70.61050510536106,41.640149351043156
2025-01-19 12:35:52.270999808,0.11316286027431488,0.006981316953897476,-0.012217304669320583,0.0,3.419100046157837,-70.61050483823844,41.64015127260712
2025-01-19 12:35:56.342999808,0.15842801332473755,0.003490658476948738,-0.012217304669320583,0.0,3.4208452701568604,-70.61050457124693,41.640153193227825
2025-01-19 12:36:16.746000128,0.11316286027431488,0.006981316953897476,-0.013962633907794952,0.0,3.422590732574463,-70.61050323347003,41.640162816612914
2025-01-19 12:36:20.792999936,0.13579542934894562,0.005235987715423107,-0.012217304669320583,0.0,3.419100046157837,-70.61050296811773,41.64016472544194
2025-01-19 12:36:24.874000128,0.15842801332473755,0.006981316953897476,-0.012217304669320583,0.0,3.4208452701568604,-70.61050270053612,41.640166650307656
2025-01-19 12:36:28.952000000,0.09053029119968414,0.003490658476948738,-0.012217304669320583,0.0,3.4208452701568604,-70.61050243315123,41.64016857375826
2025-01-19 12:36:33.028999936,0.15842801332473755,0.006981316953897476,-0.010471975430846214,0.0,3.419100046157837,-70.61050216583187,41.64017049673733
2025-01-19 12:36:49.345999872,0.11316286027431488,0.003490658476948738,-0.010471975430846214,0.0,3.419100046157837,-70.61050109596442,41.64017819289833
2025-01-19 12:36:53.420999936,0.13579542934894562,0.010471975430846214,-0.013962633907794952,0.0,3.422590732574463,-70.61050082877622,41.64018011493404
2025-01-19 12:36:57.496000000,0.022632572799921036,0.006981316953897476,-0.012217304669320583,0.0,3.4173545837402344,-70.61050056158803,41.64018203696975
2025-01-19 12:37:21.969000192,0.09053029119968414,0.003490658476948738,-0.013962633907794952,0.0,3.419100046157837,-70.61049895695076,41.64019358003217
2025-01-19 12:37:26.046000128,0.09053029119968414,0.005235987715423107,-0.013962633907794952,0.0,3.4208452701568604,-70.61049868963143,41.640195503011135
2025-01-19 12:37:30.120000000,0.3508701026439667,0.006981316953897476,-0.013962633907794952,0.0,3.4208452701568604,-70.6104984225088,41.6401974245751
2025-01-19 12:40:34.752999936,0.3055965304374695,-0.006981316953897476,0.03490658476948738,0.0,4.911356449127197,-70.61048000008344,41.64027833444754
2025-01-19 12:41:19.579000064,2.8409159183502197,-0.006981316953897476,0.027925267815589905,0.0,4.928809642791748,-70.61048000008344,41.64027833444754
2025-01-19 12:41:27.728000000,0.7356953620910645,-0.003490658476948738,0.03141592815518379,0.0,4.944517612457275,-70.61048000008344,41.64027833444754
2025-01-19 12:41:31.805999872,0.1924126297235489,-0.006981316953897476,0.03141592815518379,0.0,4.9410271644592285,-70.61048000008344,41.64027833444754
2025-01-19 12:41:35.858000128,0.05000000074505806,-0.003490658476948738,0.02967059798538685,0.0,4.944517612457275,-70.61048000008344,41.64027833444754
2025-01-19 12:41:41.088000000,5.5573296546936035,-0.008726646192371845,0.03316125646233559,0.0,4.932300567626953,-70.61048000008344,41.64027833444754
2025-01-19 12:41:45.164000000,0.05000000074505806,-0.003490658476948738,0.02967059798538685,0.0,4.9480085372924805,-70.61048000008344,41.64027833444754
2025-01-19 12:41:53.312999936,0.05000000074505806,-0.006981316953897476,0.03141592815518379,0.0,4.939281940460205,-70.61048000008344,41.64027833444754
2025-01-19 12:42:25.904000000,2.75036883354187,-0.006981316953897476,0.027925267815589905,0.0,4.932300567626953,-70.61048000008344,41.64027833444754
2025-01-19 12:42:34.145999872,0.05000000074505806,-0.001745329238474369,0.02967059798538685,0.0,4.954989910125732,-70.61048000008344,41.64027833444754
2025-01-19 12:43:45.527000064,0.05000000074505806,-0.001745329238474369,0.03141592815518379,0.0,4.949753761291504,-70.61048000008344,41.64027833444754
2025-01-19 12:43:51.107000064,0.05000000074505806,-0.006981316953897476,0.02967059798538685,0.0,4.93055534362793,-70.61048000008344,41.64027833444754
2025-01-19 12:44:38.360000000,4.244396209716797,-0.005235987715423107,0.02617993950843811,0.0,4.942772388458252,-70.61048000008344,41.64027833444754
2025-01-19 12:44:42.434000128,0.05000000074505806,-0.005235987715423107,0.027925267815589905,0.0,4.9410271644592285,-70.61048000008344,41.64027833444754
2025-01-19 12:44:46.491000064,4.108575820922852,-0.001745329238474369,0.03490658476948738,0.0,4.9480085372924805,-70.61048000008344,41.64027833444754
2025-01-19 12:44:50.564000000,0.05000000074505806,-0.003490658476948738,0.02967059798538685,0.0,4.935791015625,-70.61048000008344,41.64027833444754
2025-01-19 12:44:54.644000000,2.1844494342803955,-0.005235987715423107,0.03316125646233559,0.0,4.939281940460205,-70.61048000008344,41.64027833444754
2025-01-19 12:44:58.716000000,3.972754955291748,0.0,0.03141592815518379,0.0,4.9480085372924805,-70.61048000008344,41.64027833444754
2025-01-19 12:45:02.789999872,3.474745750427246,-0.006981316953897476,0.036651913076639175,0.0,4.937536239624023,-70.61048000008344,41.64027833444754
2025-01-19 12:45:06.862999808,0.05000000074505806,-0.006981316953897476,0.02617993950843811,0.0,4.932300567626953,-70.61048000008344,41.64027833444754
2025-01-19 12:45:15.013999872,0.05000000074505806,-0.005235987715423107,0.02967059798538685,0.0,4.944517612457275,-70.61048000008344,41.64027833444754
2025-01-19 12:45:27.244000000,0.05000000074505806,-0.001745329238474369,0.03316125646233559,0.0,4.949753761291504,-70.61048000008344,41.64027833444754
2025-01-19 12:45:35.397000192,0.05000000074505806,-0.003490658476948738,0.03316125646233559,0.0,4.939281940460205,-70.61048000008344,41.64027833444754
2025-01-19 12:45:55.772000000,0.05000000074505806,-0.001745329238474369,0.03141592815518379,0.0,4.949753761291504,-70.61048000008344,41.64027833444754
2025-01-19 12:46:38.607000064,0.05000000074505806,-0.006981316953897476,0.02967059798538685,0.0,4.927064418792725,-70.61048000008344,41.64027833444754
2025-01-19 12:46:58.983000064,3.022010326385498,-0.003490658476948738,0.03490658476948738,0.0,4.946263313293457,-70.61048000008344,41.64027833444754
2025-01-19 12:47:07.212999936,1.4374356269836426,-0.006981316953897476,0.02967059798538685,0.0,4.935791015625,-70.61048000008344,41.64027833444754
2025-01-19 12:47:19.967000064,2.9088263511657715,-0.005235987715423107,0.03316125646233559,0.0,4.9410271644592285,-70.61048000008344,41.64027833444754
2025-01-19 12:47:26.209000192,0.3282333314418793,-0.005235987715423107,0.02967059798538685,0.0,4.911356449127197,-70.61048000008344,41.64027833444754
2025-01-19 12:47:30.285000192,0.2603229880332947,-0.005235987715423107,0.03141592815518379,0.0,4.914847373962402,-70.61048000008344,41.64027833444754
2025-01-19 12:47:45.415000064,0.3735068738460541,0.0,0.02967059798538685,0.0,4.93055534362793,-70.61048000008344,41.64027833444754
2025-01-19 12:47:49.486000128,0.3508701026439667,-0.005235987715423107,0.03316125646233559,0.0,4.914847373962402,-70.61051666675012,41.640285001114215
2025-01-19 12:47:53.556999936,0.2829597592353821,-0.006981316953897476,0.02967059798538685,0.0,4.911356449127197,-70.61051166675011,41.6402850011142
2025-01-19 12:47:59.000000000,0.39614367485046387,-0.005235987715423107,0.03141592815518379,0.0,4.914847373962402,-70.61051000008345,41.64028333444753
2025-01-19 12:48:03.072000000,0.3508701026439667,-0.001745329238474369,0.03316125646233559,0.0,4.923573970794678,-70.61051000008345,41.64028333444753
2025-01-19 12:48:07.137000192,0.2603229880332947,-0.003490658476948738,0.027925267815589905,0.0,4.913101673126221,-70.61050666675011,41.640281667780876
2025-01-19 12:48:11.206000128,0.2603229880332947,-0.003490658476948738,0.02967059798538685,0.0,4.918337821960449,-70.61050333341677,41.640281667780876
2025-01-19 12:48:19.229000192,0.3055965304374695,-0.006981316953897476,0.027925267815589905,0.0,4.913101673126221,-70.6104983334168,41.64028333444753
2025-01-19 12:48:23.304000000,0.3508701026439667,-0.006981316953897476,0.03141592815518379,0.0,4.904375076293945,-70.61049666675011,41.64028666778087
2025-01-19 12:48:27.376000000,0.2603229880332947,-0.003490658476948738,0.03141592815518379,0.0,4.916592597961426,-70.61049666675011,41.64028666778087
2025-01-19 12:48:31.447000064,0.3735068738460541,-0.003490658476948738,0.027925267815589905,0.0,4.920083045959473,-70.61049666675011,41.640288334447526
2025-01-19 12:48:39.029999872,0.2829597592353821,-0.005235987715423107,0.03141592815518379,0.0,4.914847373962402,-70.61050000008345,41.64029166778088
2025-01-19 12:48:43.101999872,0.3508701026439667,-0.005235987715423107,0.027925267815589905,0.0,4.911356449127197,-70.61050000008345,41.64029166778088
2025-01-19 12:48:47.171000064,0.21504941582679749,-0.005235987715423107,0.03141592815518379,0.0,4.914847373962402,-70.61050166675012,41.64029500111419
2025-01-19 12:48:51.247000064,0.23768620193004608,-0.005235987715423107,0.02617993950843811,0.0,4.911356449127197,-70.61050166675012,41.6403000011142
2025-01-19 12:48:55.319000064,0.23768620193004608,-0.003490658476948738,0.02967059798538685,0.0,4.918337821960449,-70.61050166675012,41.64030166778087
2025-01-19 12:48:59.391000064,0.2603229880332947,-0.006981316953897476,0.02967059798538685,0.0,4.911356449127197,-70.61050000008343,41.64030166778087
2025-01-19 12:49:03.461999872,0.2603229880332947,-0.006981316953897476,0.03316125646233559,0.0,4.90786600112915,-70.61049666675011,41.64030166778087
2025-01-19 12:49:07.538000128,0.2603229880332947,-0.006981316953897476,0.027925267815589905,0.0,4.909611225128174,-70.61049666675011,41.64030166778087
2025-01-19 12:49:11.608000000,0.23768620193004608,-0.003490658476948738,0.03141592815518379,0.0,4.918337821960449,-70.61049500008345,41.6403000011142
2025-01-19 12:49:23.048999936,0.2829597592353821,-0.003490658476948738,0.02967059798538685,0.0,4.920083045959473,-70.61049333341678,41.64029666778086
2025-01-19 12:49:27.121999872,0.2829597592353821,-0.005235987715423107,0.03141592815518379,0.0,4.913101673126221,-70.61049333341678,41.64029666778086
2025-01-19 12:49:31.193000192,0.2603229880332947,-0.003490658476948738,0.027925267815589905,0.0,4.920083045959473,-70.61049333341678,41.64029500111419
2025-01-19 12:49:35.265000192,0.3508701026439667,-0.008726646192371845,0.027925267815589905,0.0,4.904375076293945,-70.61049500008345,41.64029500111419
2025-01-19 12:49:39.340000000,0.21504941582679749,-0.006981316953897476,0.03316125646233559,0.0,4.90786600112915,-70.6104983334168,41.64029500111419
2025-01-19 12:49:43.414000128,0.2603229880332947,-0.005235987715423107,0.03316125646233559,0.0,4.920083045959473,-70.61050166675012,41.64029500111419
2025-01-19 12:49:47.486000128,0.3055965304374695,0.0,0.02967059798538685,0.0,4.93055534362793,-70.61050166675012,41.64029500111419
2025-01-19 12:49:51.558000128,0.3055965304374695,-0.005235987715423107,0.02967059798538685,0.0,4.911356449127197,-70.61050666675011,41.64029666778086
2025-01-19 12:49:55.632999936,0.1924126297235489,-0.005235987715423107,0.03141592815518379,0.0,4.914847373962402,-70.61051166675011,41.64029833444753
2025-01-19 12:49:59.706000128,0.3508701026439667,-0.006981316953897476,0.03490658476948738,0.0,4.918337821960449,-70.61052000008345,41.6403000011142
2025-01-19 12:50:03.778000128,0.1697758585214615,-0.006981316953897476,0.03141592815518379,0.0,4.90786600112915,-70.61052500008346,41.640303334447545
2025-01-19 12:50:07.851000064,0.21504941582679749,-0.003490658476948738,0.024434609338641167,0.0,4.916592597961426,-70.61052500008346,41.640303334447545
2025-01-19 12:50:11.923000064,0.3282333314418793,-0.003490658476948738,0.03490658476948738,0.0,4.921828269958496,-70.61053000008344,41.64030666778087
2025-01-19 12:50:16.000000000,0.23768620193004608,-0.003490658476948738,0.03490658476948738,0.0,4.918337821960449,-70.61053333341678,41.64031000111422
2025-01-19 12:50:20.072000000,0.23768620193004608,-0.003490658476948738,0.027925267815589905,0.0,4.914847373962402,-70.61053333341678,41.640313334447534
2025-01-19 12:50:24.144000000,0.21504941582679749,-0.003490658476948738,0.02617993950843811,0.0,4.914847373962402,-70.61053333341678,41.640313334447534
2025-01-19 12:50:28.214999808,0.2829597592353821,-0.001745329238474369,0.03316125646233559,0.0,4.923573970794678,-70.61053333341678,41.640313334447534
2025-01-19 12:50:32.285000192,0.2829597592353821,-0.001745329238474369,0.03316125646233559,0.0,4.925319194793701,-70.61053000008344,41.64031166778088
2025-01-19 12:50:36.356000000,0.23768620193004608,-0.005235987715423107,0.02617993950843811,0.0,4.909611225128174,-70.61052500008346,41.64031000111422
2025-01-19 12:50:48.747000064,0.3508701026439667,-0.005235987715423107,0.02617993950843811,0.0,4.914847373962402,-70.61051333341678,41.64030166778087
2025-01-19 12:50:52.822000128,0.2829597592353821,-0.003490658476948738,0.02967059798538685,0.0,4.921828269958496,-70.61051333341678,41.64030166778087
2025-01-19 12:50:56.891000064,0.2829597592353821,-0.010471975430846214,0.02967059798538685,0.0,4.899139404296875,-70.61051000008345,41.64030166778087
2025-01-19 12:51:00.963000064,0.23768620193004608,-0.003490658476948738,0.03316125646233559,0.0,4.918337821960449,-70.61050833341679,41.64030166778087
2025-01-19 12:51:05.036000000,0.3055965304374695,-0.005235987715423107,0.03141592815518379,0.0,4.914847373962402,-70.61050666675011,41.64030166778087
2025-01-19 12:51:09.108000000,0.2829597592353821,-0.001745329238474369,0.02967059798538685,0.0,4.923573970794678,-70.61050333341677,41.64030166778087
2025-01-19 12:51:13.180000000,0.23768620193004608,-0.005235987715423107,0.02967059798538685,0.0,4.913101673126221,-70.61050333341677,41.64030166778087
2025-01-19 12:51:17.252999936,0.23768620193004608,0.022689281031489372,0.045378562062978745,0.0,5.005604267120361,-70.61050000008343,41.64030166778087
2025-01-19 12:51:21.328000000,0.21504941582679749,-0.001745329238474369,0.02967059798538685,0.0,5.927138328552246,-70.61051500008345,41.64029666778086
2025-01-19 12:51:25.400999936,0.2829597592353821,-0.006981316953897476,0.03316125646233559,0.0,0.48345619440078735,-70.61052166675012,41.64029500111419
2025-01-19 12:51:29.472999936,0.3282333314418793,-0.008726646192371845,0.04188790172338486,0.0,0.938987135887146,-70.61052500008346,41.64029666778087
2025-01-19 12:51:33.545000192,0.3055965304374695,-0.001745329238474369,-0.10297442227602005,0.0,1.8535397052764893,-70.61053666675012,41.64030500111419
2025-01-19 12:51:37.684000000,0.3282333314418793,0.010471975430846214,-0.02094395086169243,0.0,1.8657569885253906,-70.61053666675012,41.64030500111419
2025-01-19 12:51:41.756000000,0.3055965304374695,0.02967059798538685,0.003490658476948738,0.0,2.157227039337158,-70.61053500008346,41.64030833444755
2025-01-19 12:51:45.829999872,0.2603229880332947,-0.07853981852531433,0.4136430323123932,0.0,2.535963296890259,-70.61053333341678,41.64031500111422
2025-01-19 12:51:49.904000000,0.3282333314418793,0.012217304669320583,0.04014257341623306,0.0,3.30041766166687,-70.61052833341678,41.64031833444756
2025-01-19 12:51:53.980000000,0.3282333314418793,-0.03316125646233559,0.012217304669320583,0.0,4.012511730194092,-70.61050666675011,41.640313334447534
2025-01-19 12:51:58.055000064,0.23768620193004608,-0.005235987715423107,0.03839724510908127,0.0,4.6006879806518555,-70.61050666675011,41.640313334447534
2025-01-19 12:52:02.124999936,0.1924126297235489,0.0,0.036651913076639175,0.0,4.625122547149658,-70.61049666675011,41.6403150011142
2025-01-19 12:52:06.196999936,0.12450229376554489,-0.006981316953897476,0.036651913076639175,0.0,4.59719705581665,-70.61049166675012,41.64031000111422
2025-01-19 12:52:10.268999936,0.1924126297235489,-0.005235987715423107,0.03839724510908127,0.0,4.612905025482178,-70.61048833341677,41.64030833444754
2025-01-19 12:52:14.341000192,0.2603229880332947,0.0,0.03490658476948738,0.0,4.623377323150635,-70.61048833341677,41.64030833444754
2025-01-19 12:52:24.248000000,0.10186551511287689,-0.006981316953897476,0.03316125646233559,0.0,4.605924129486084,-70.61048333341678,41.64030000111422
2025-01-19 12:52:28.323000064,0.21504941582679749,-0.006981316953897476,0.04188790172338486,0.0,4.602433204650879,-70.61048333341678,41.64029666778086
2025-01-19 12:52:32.395000064,0.10186551511287689,-0.003490658476948738,0.03316125646233559,0.0,4.616395950317383,-70.61048333341678,41.64029666778086
2025-01-19 12:52:36.464000000,0.23768620193004608,-0.005235987715423107,0.036651913076639175,0.0,4.609414577484131,-70.61048666675012,41.64029500111419
2025-01-19 12:52:47.558000128,0.1697758585214615,-0.003490658476948738,0.036651913076639175,0.0,4.616395950317383,-70.61049000008344,41.640293334447534
2025-01-19 12:52:51.625999872,0.2829597592353821,-0.001745329238474369,0.03490658476948738,0.0,4.61988639831543,-70.61048833341677,41.640293334447534
2025-01-19 12:52:55.697999872,0.0792287290096283,0.0,0.03316125646233559,0.0,4.623377323150635,-70.61048833341677,41.640295001114204
2025-01-19 12:52:59.765000192,0.1471390724182129,0.0,0.03839724510908127,0.0,4.621631622314453,-70.61049000008344,41.64029500111419
2025-01-19 12:53:03.836000000,0.21504941582679749,-0.003490658476948738,0.04188790172338486,0.0,4.614650726318359,-70.61049166675012,41.640293334447534
2025-01-19 12:53:07.904999936,0.1697758585214615,-0.005235987715423107,0.03141592815518379,0.0,4.609414577484131,-70.61049166675012,41.640293334447534
2025-01-19 12:53:11.969000192,0.2603229880332947,-0.003490658476948738,0.036651913076639175,0.0,4.611159801483154,-70.61049500008345,41.640293334447534
2025-01-19 12:53:29.390000128,0.1924126297235489,-0.010471975430846214,0.036651913076639175,0.0,4.5937066078186035,-70.61049666675011,41.640293334447534
2025-01-19 12:53:32.494999808,0.1697758585214615,-0.005235987715423107,0.036651913076639175,0.0,4.607669353485107,-70.61049500008345,41.640293334447534
2025-01-19 12:53:35.536999936,0.23768620193004608,-0.001745329238474369,0.03839724510908127,0.0,4.616395950317383,-70.61049500008345,41.640293334447534
2025-01-19 12:53:38.576999936,0.2603229880332947,-0.001745329238474369,0.036651913076639175,0.0,4.618141174316406,-70.61049666675011,41.64029166778088
2025-01-19 12:53:41.568999936,0.1924126297235489,-0.005235987715423107,0.036651913076639175,0.0,4.607669353485107,-70.6104983334168,41.640290001114195
2025-01-19 12:53:50.707000064,0.12450229376554489,-0.003490658476948738,0.03839724510908127,0.0,4.612905025482178,-70.61050333341677,41.640290001114195
2025-01-19 12:53:53.746000128,0.1697758585214615,-0.006981316953897476,0.03839724510908127,0.0,4.602433204650879,-70.61050833341679,41.640290001114195
2025-01-19 12:53:56.739000064,0.1924126297235489,-0.006981316953897476,0.04188790172338486,0.0,4.598942756652832,-70.61051166675011,41.640290001114195
2025-01-19 12:53:59.787000064,0.1924126297235489,-0.001745329238474369,0.036651913076639175,0.0,4.614650726318359,-70.61051166675011,41.640290001114195
2025-01-19 12:54:02.828999936,0.12450229376554489,-0.005235987715423107,0.04188790172338486,0.0,4.609414577484131,-70.61051333341678,41.640290001114195
2025-01-19 12:54:05.821000192,0.0792287290096283,-0.008726646192371845,0.03316125646233559,0.0,4.602433204650879,-70.61051333341678,41.640290001114195
2025-01-19 12:54:08.860999936,0.21504941582679749,-0.005235987715423107,0.04014257341623306,0.0,4.607669353485107,-70.61051000008345,41.640290001114195
2025-01-19 12:54:11.904999936,0.1697758585214615,-0.008726646192371845,0.04014257341623306,0.0,4.598942756652832,-70.61050666675011,41.64029000111421
2025-01-19 12:54:14.946000128,0.3282333314418793,-0.005235987715423107,0.03839724510908127,0.0,4.609414577484131,-70.61050666675011,41.64029000111421
2025-01-19 12:54:17.986000128,0.2603229880332947,-0.003490658476948738,0.036651913076639175,0.0,4.611159801483154,-70.61050500008345,41.640288334447526
2025-01-19 12:54:20.979000064,0.1924126297235489,-0.006981316953897476,0.03839724510908127,0.0,4.6006879806518555,-70.61050500008345,41.640288334447526
2025-01-19 12:54:24.020999936,0.1924126297235489,-0.005235987715423107,0.03839724510908127,0.0,4.609414577484131,-70.61050500008345,41.64028666778087
2025-01-19 12:54:27.063000064,0.2603229880332947,-0.006981316953897476,0.036651913076639175,0.0,4.605924129486084,-70.61050833341679,41.64028666778087
2025-01-19 12:54:30.107000064,0.12450229376554489,-0.005235987715423107,0.03839724510908127,0.0,4.602433204650879,-70.61050833341679,41.64028666778087
2025-01-19 12:54:33.150000128,0.1471390724182129,-0.006981316953897476,0.03839724510908127,0.0,4.604178428649902,-70.61051166675011,41.64028666778087
2025-01-19 12:54:36.141999872,0.2603229880332947,-0.008726646192371845,0.03316125646233559,0.0,4.6006879806518555,-70.61051166675011,41.64028666778087
2025-01-19 12:54:39.180999936,0.1924126297235489,-0.001745329238474369,0.03316125646233559,0.0,4.616395950317383,-70.61051333341678,41.64028833444754
2025-01-19 12:54:42.224999936,0.23768620193004608,-0.003490658476948738,0.04188790172338486,0.0,4.612905025482178,-70.61051333341678,41.64028833444754
2025-01-19 12:54:45.216000000,0.1697758585214615,-0.003490658476948738,0.036651913076639175,0.0,4.614650726318359,-70.61051333341678,41.64028833444754
2025-01-19 12:54:48.256000000,0.1471390724182129,-0.005235987715423107,0.03490658476948738,0.0,4.609414577484131,-70.61051333341678,41.640293334447534
2025-01-19 12:54:51.298000128,0.1697758585214615,-0.003490658476948738,0.03839724510908127,0.0,4.611159801483154,-70.61051333341678,41.640293334447534
2025-01-19 12:54:54.339000064,0.21504941582679749,-0.003490658476948738,0.03839724510908127,0.0,4.612905025482178,-70.61051333341678,41.64029500111419
2025-01-19 12:54:57.380000000,0.2603229880332947,-0.008726646192371845,0.04014257341623306,0.0,4.598942756652832,-70.61051166675011,41.64029666778086
2025-01-19 12:55:00.377000192,0.12450229376554489,-0.003490658476948738,0.03839724510908127,0.0,4.609414577484131,-70.61051166675011,41.64029666778086
2025-01-19 12:55:03.420000000,0.1697758585214615,-0.003490658476948738,0.03839724510908127,0.0,4.609414577484131,-70.61050833341679,41.6403000011142
2025-01-19 12:55:06.463000064,0.10186551511287689,-0.003490658476948738,0.03839724510908127,0.0,4.611159801483154,-70.61050333341677,41.64030166778087
2025-01-19 12:55:09.506000128,0.21504941582679749,-0.001745329238474369,0.03839724510908127,0.0,4.614650726318359,-70.61050333341677,41.64030166778087
2025-01-19 12:55:12.496000000,0.21504941582679749,-0.005235987715423107,0.04188790172338486,0.0,4.611159801483154,-70.6104983334168,41.640303334447545
2025-01-19 12:55:19.548999936,0.21504941582679749,0.0,0.03839724510908127,0.0,4.626867771148682,-70.61048500008344,41.64030500111419
2025-01-19 12:55:23.614000128,0.2603229880332947,-0.005235987715423107,0.03839724510908127,0.0,4.605924129486084,-70.61048500008344,41.64030500111419
2025-01-19 12:55:27.672000000,0.1697758585214615,-0.008726646192371845,0.03490658476948738,0.0,4.598942756652832,-70.61048000008344,41.640303334447545
2025-01-19 12:55:30.700000000,0.1697758585214615,-0.003490658476948738,0.03490658476948738,0.0,4.611159801483154,-70.61048000008344,41.640303334447545
2025-01-19 12:55:33.743000064,0.2829597592353821,-0.003490658476948738,0.03316125646233559,0.0,4.612905025482178,-70.61047833341676,41.64030166778087
2025-01-19 12:55:36.734999808,0.0792287290096283,-0.003490658476948738,0.036651913076639175,0.0,4.612905025482178,-70.61048000008344,41.64030000111422
2025-01-19 12:55:39.780000000,0.12450229376554489,-0.001745329238474369,0.03839724510908127,0.0,4.611159801483154,-70.61048000008344,41.64030000111422
2025-01-19 12:55:42.819000064,0.1924126297235489,-0.008726646192371845,0.036651913076639175,0.0,4.595451831817627,-70.61047833341676,41.64029833444753
2025-01-19 12:55:45.862999808,0.21504941582679749,-0.005235987715423107,0.04014257341623306,0.0,4.604178428649902,-70.61047833341676,41.64029833444753
2025-01-19 12:55:48.901999872,0.21504941582679749,-0.001745329238474369,0.03490658476948738,0.0,4.612905025482178,-70.61047833341676,41.64029833444753
2025-01-19 12:55:51.898000128,0.23768620193004608,-0.001745329238474369,0.036651913076639175,0.0,4.609414577484131,-70.61047833341676,41.64029833444753
2025-01-19 12:55:54.940000000,0.2603229880332947,-0.005235987715423107,0.03839724510908127,0.0,4.605924129486084,-70.61047833341676,41.64029833444753
2025-01-19 12:55:57.980000000,0.0565919503569603,0.0,0.04188790172338486,0.0,4.616395950317383,-70.61048000008344,41.64029833444753
2025-01-19 12:56:01.026000128,0.1697758585214615,-0.005235987715423107,0.03839724510908127,0.0,4.604178428649902,-70.61048000008344,41.64029833444753
2025-01-19 12:56:04.069999872,0.23768620193004608,-0.003490658476948738,0.03316125646233559,0.0,4.609414577484131,-70.6104816667501,41.64029833444753
2025-01-19 12:56:07.061000192,0.21504941582679749,-0.005235987715423107,0.036651913076639175,0.0,4.605924129486084,-70.6104816667501,41.64029833444753
2025-01-19 12:56:10.104000000,0.21504941582679749,-0.003490658476948738,0.03490658476948738,0.0,4.607669353485107,-70.6104816667501,41.64029833444753
2025-01-19 12:56:13.142999808,0.1471390724182129,-0.003490658476948738,0.03490658476948738,0.0,4.609414577484131,-70.61048333341678,41.64029833444753
2025-01-19 12:56:16.137000192,0.10186551511287689,-0.001745329238474369,0.04014257341623306,0.0,4.612905025482178,-70.61048333341678,41.64029833444753
2025-01-19 12:56:19.175000064,0.1471390724182129,0.0,0.03490658476948738,0.0,4.61988639831543,-70.61048333341678,41.64029666778086
2025-01-19 12:56:22.219000064,0.1697758585214615,-0.001745329238474369,0.03839724510908127,0.0,4.611159801483154,-70.61048333341678,41.64029500111419
2025-01-19 12:56:25.266000128,0.1471390724182129,-0.003490658476948738,0.036651913076639175,0.0,4.611159801483154,-70.61048333341678,41.64029500111419
2025-01-19 12:56:28.305999872,0.21504941582679749,-0.001745329238474369,0.04188790172338486,0.0,4.616395950317383,-70.61048500008344,41.640293334447534
2025-01-19 12:56:31.296999936,0.1471390724182129,-0.006981316953897476,0.03839724510908127,0.0,4.6006879806518555,-70.61048500008344,41.640293334447534
2025-01-19 12:56:34.341000192,0.1471390724182129,0.001745329238474369,0.036651913076639175,0.0,4.621631622314453,-70.61048333341678,41.640293334447534
2025-01-19 12:56:37.384000000,0.10186551511287689,0.0,0.045378562062978745,0.0,4.616395950317383,-70.61048000008344,41.640291667780865
2025-01-19 12:56:44.476000000,0.21504941582679749,-0.001745329238474369,0.04188790172338486,0.0,4.611159801483154,-70.61047666675012,41.64029166778088
2025-01-19 12:56:48.538000128,0.0339551717042923,-0.003490658476948738,0.03490658476948738,0.0,4.611159801483154,-70.61047500008344,41.640293334447534
2025-01-19 12:56:52.549999872,0.1471390724182129,-0.005235987715423107,0.036651913076639175,0.0,4.605924129486084,-70.61047500008344,41.64029500111419
2025-01-19 12:56:55.540999936,0.0565919503569603,-0.006981316953897476,0.03839724510908127,0.0,4.6006879806518555,-70.61047500008344,41.64029500111419
2025-01-19 12:56:58.582000128,0.10186551511287689,-0.001745329238474369,0.03839724510908127,0.0,4.616395950317383,-70.61047500008344,41.64029666778086
2025-01-19 12:57:01.628000000,0.1924126297235489,-0.008726646192371845,0.03839724510908127,0.0,4.5937066078186035,-70.61047500008344,41.64029666778086
2025-01-19 12:57:04.675000064,0.1924126297235489,-0.003490658476948738,0.03839724510908127,0.0,4.611159801483154,-70.61047500008344,41.64029666778086
2025-01-19 12:57:07.664000000,0.1471390724182129,0.0,0.04188790172338486,0.0,4.614650726318359,-70.61047500008344,41.64029666778086
2025-01-19 12:57:10.706000128,0.1471390724182129,-0.005235987715423107,0.03839724510908127,0.0,4.605924129486084,-70.61047500008344,41.64029666778086
2025-01-19 12:57:13.746000128,0.21504941582679749,-0.006981316953897476,0.036651913076639175,0.0,4.604178428649902,-70.61047500008344,41.64029833444753
2025-01-19 12:57:16.788999936,0.1471390724182129,-0.003490658476948738,0.036651913076639175,0.0,4.611159801483154,-70.61047666675012,41.64029833444753
2025-01-19 12:57:19.832999936,0.10186551511287689,-0.006981316953897476,0.04014257341623306,0.0,4.59719705581665,-70.61047666675012,41.64029833444753
2025-01-19 12:57:22.821000192,0.1471390724182129,-0.003490658476948738,0.03839724510908127,0.0,4.611159801483154,-70.61047833341676,41.6403000011142
2025-01-19 12:57:25.864000000,0.0565919503569603,-0.005235987715423107,0.04188790172338486,0.0,4.604178428649902,-70.61047833341676,41.6403000011142
2025-01-19 12:57:29.772999936,0.3735068738460541,-0.003490658476948738,0.04014257341623306,0.0,4.607669353485107,-70.61047833341676,41.6403000011142
2025-01-19 12:57:31.944999936,0.21504941582679749,-0.006981316953897476,0.04014257341623306,0.0,4.602433204650879,-70.61048000008344,41.640301667780854
2025-01-19 12:57:34.938999808,0.1471390724182129,-0.003490658476948738,0.03839724510908127,0.0,4.609414577484131,-70.61048000008344,41.640301667780854
2025-01-19 12:57:37.979000064,0.10186551511287689,-0.006981316953897476,0.04188790172338486,0.0,4.6006879806518555,-70.61048333341678,41.64030500111419
2025-01-19 12:57:41.023000064,0.12450229376554489,-0.003490658476948738,0.04188790172338486,0.0,4.607669353485107,-70.61048333341678,41.64030500111419
2025-01-19 12:57:44.063000064,0.1924126297235489,-0.001745329238474369,0.04014257341623306,0.0,4.609414577484131,-70.61048333341678,41.64030500111419
2025-01-19 12:57:47.052999936,0.2603229880332947,-0.001745329238474369,0.03839724510908127,0.0,4.612905025482178,-70.61048500008344,41.64030500111419
2025-01-19 12:57:50.096999936,0.1697758585214615,-0.008726646192371845,0.03839724510908127,0.0,4.59719705581665,-70.61048500008344,41.64030500111419
2025-01-19 12:57:53.140000000,0.0565919503569603,-0.005235987715423107,0.03316125646233559,0.0,4.602433204650879,-70.61048500008344,41.64030500111419
2025-01-19 12:57:56.184000000,0.10186551511287689,-0.003490658476948738,0.04014257341623306,0.0,4.607669353485107,-70.61048500008344,41.64030500111419
2025-01-19 12:57:59.223000064,0.011318390257656574,-0.003490658476948738,0.04188790172338486,0.0,4.611159801483154,-70.61048500008344,41.64030500111419
2025-01-19 12:58:07.568999936,0.3055965304374695,-0.001745329238474369,0.04014257341623306,0.0,4.612905025482178,-70.61048666675012,41.640305001114214
2025-01-19 12:58:11.323000064,0.10186551511287689,-0.003490658476948738,0.03839724510908127,0.0,4.604178428649902,-70.61048666675012,41.640305001114214
2025-01-19 12:58:14.362999808,0.1697758585214615,-0.001745329238474369,0.036651913076639175,0.0,4.611159801483154,-70.61048666675012,41.640305001114214
2025-01-19 12:58:17.404999936,0.0792287290096283,-0.003490658476948738,0.036651913076639175,0.0,4.609414577484131,-70.61048833341677,41.64030500111419
2025-01-19 12:58:20.400999936,0.10186551511287689,-0.005235987715423107,0.03490658476948738,0.0,4.604178428649902,-70.61048833341677,41.64030500111419
2025-01-19 12:58:23.438999808,0.1924126297235489,0.0,0.03839724510908127,0.0,4.61988639831543,-70.61048833341677,41.640303334447545
2025-01-19 12:58:26.486000128,0.1697758585214615,0.001745329238474369,0.04014257341623306,0.0,4.626867771148682,-70.61048833341677,41.64030166778087
2025-01-19 12:58:29.529999872,0.12450229376554489,-0.003490658476948738,0.036651913076639175,0.0,4.609414577484131,-70.61048833341677,41.64030166778087
2025-01-19 12:58:32.522000128,0.0339551717042923,-0.003490658476948738,0.04014257341623306,0.0,4.611159801483154,-70.61048500008344,41.64029833444753
2025-01-19 12:58:35.564000000,0.10186551511287689,0.0,0.036651913076639175,0.0,4.616395950317383,-70.61048500008344,41.64029833444753
2025-01-19 12:58:38.604000000,0.10186551511287689,-0.005235987715423107,0.04014257341623306,0.0,4.598942756652832,-70.61047833341676,41.64029500111419
2025-01-19 12:58:41.651000064,0.0565919503569603,-0.005235987715423107,0.03839724510908127,0.0,4.604178428649902,-70.61047333341678,41.640291667780865
2025-01-19 12:58:44.676000000,0.10186551511287689,-0.005235987715423107,0.04014257341623306,0.0,4.607669353485107,-70.61047333341678,41.640291667780865
2025-01-19 12:58:47.717999872,0.0339551717042923,-0.003490658476948738,0.036651913076639175,0.0,4.612905025482178,-70.6104716667501,41.64029166778088
2025-01-19 12:58:50.709000192,0.0792287290096283,-0.001745329238474369,0.04014257341623306,0.0,4.614650726318359,-70.6104716667501,41.64029166778088
2025-01-19 12:58:54.768999936,0.1697758585214615,0.0,0.03839724510908127,0.0,4.614650726318359,-70.61047000008345,41.64029666778087
2025-01-19 12:58:58.841000192,0.0792287290096283,-0.005235987715423107,0.03839724510908127,0.0,4.604178428649902,-70.61047000008345,41.64029833444753
2025-01-19 12:59:02.913000192,0.10186551511287689,-0.005235987715423107,0.03490658476948738,0.0,4.604178428649902,-70.61047000008345,41.64029833444753
2025-01-19 12:59:06.977999872,0.21504941582679749,-0.005235987715423107,0.03490658476948738,0.0,4.607669353485107,-70.61046666675011,41.6403000011142
2025-01-19 12:59:11.048999936,0.0792287290096283,-0.003490658476948738,0.03316125646233559,0.0,4.607669353485107,-70.61046333341677,41.64030000111422
2025-01-19 12:59:15.118000128,0.0339551717042923,-0.005235987715423107,0.036651913076639175,0.0,4.605924129486084,-70.61046000008345,41.64029833444753
2025-01-19 12:59:20.051000064,0.3735068738460541,-0.003490658476948738,0.03839724510908127,0.0,4.609414577484131,-70.61045666675012,41.64029833444753
2025-01-19 12:59:24.119000064,0.0792287290096283,-0.001745329238474369,0.03839724510908127,0.0,4.614650726318359,-70.61045166675011,41.64029833444754
2025-01-19 12:59:28.188999936,0.0339551717042923,-0.003490658476948738,0.03839724510908127,0.0,4.609414577484131,-70.61044666675011,41.64029833444753
2025-01-19 12:59:40.503000064,0.0339551717042923,-0.003490658476948738,0.036651913076639175,0.0,4.604178428649902,-70.61044333341678,41.6403000011142
2025-01-19 12:59:43.548000000,0.011318390257656574,-0.001745329238474369,0.04014257341623306,0.0,4.614650726318359,-70.61044000008343,41.6403000011142
2025-01-19 12:59:46.591000064,0.0339551717042923,-0.003490658476948738,0.04014257341623306,0.0,4.605924129486084,-70.61043833341677,41.64030166778087
2025-01-19 12:59:49.583000064,0.0792287290096283,-0.005235987715423107,0.03839724510908127,0.0,4.602433204650879,-70.61043833341677,41.64030166778087
2025-01-19 12:59:52.624000000,0.10186551511287689,-0.003490658476948738,0.036651913076639175,0.0,4.609414577484131,-70.61043833341677,41.64030166778087
2025-01-19 12:59:55.668999936,0.0792287290096283,-0.003490658476948738,0.036651913076639175,0.0,4.611159801483154,-70.61043833341677,41.64030166778087
2025-01-19 12:59:58.709000192,0.1697758585214615,-0.008726646192371845,0.036651913076639175,0.0,4.595451831817627,-70.6104416667501,41.64030333444756
2025-01-19 13:00:01.752999936,0.0792287290096283,-0.001745329238474369,0.03839724510908127,0.0,4.614650726318359,-70.61044333341678,41.64030666778087
2025-01-19 13:00:04.746000128,0.0565919503569603,-0.003490658476948738,0.03839724510908127,0.0,4.604178428649902,-70.61044333341678,41.64030666778087
2025-01-19 13:00:07.790999808,0.10186551511287689,-0.006981316953897476,0.04014257341623306,0.0,4.598942756652832,-70.61044333341678,41.64030833444754
2025-01-19 13:00:10.836000000,0.12450229376554489,-0.005235987715423107,0.03839724510908127,0.0,4.602433204650879,-70.61044333341678,41.64030833444754
2025-01-19 13:00:13.828999936,0.0565919503569603,-0.005235987715423107,0.036651913076639175,0.0,4.604178428649902,-70.6104416667501,41.64031333444755
2025-01-19 13:00:16.872999936,0.0792287290096283,-0.001745329238474369,0.036651913076639175,0.0,4.616395950317383,-70.6104416667501,41.6403150011142
2025-01-19 13:00:19.916999936,0.12450229376554489,-0.005235987715423107,0.03490658476948738,0.0,4.604178428649902,-70.6104416667501,41.6403150011142
2025-01-19 13:00:22.956000000,0.10186551511287689,-0.001745329238474369,0.03839724510908127,0.0,4.614650726318359,-70.6104416667501,41.6403150011142
2025-01-19 13:00:25.999000064,0.0339551717042923,-0.001745329238474369,0.03839724510908127,0.0,4.612905025482178,-70.6104416667501,41.6403150011142
2025-01-19 13:00:28.991000064,0.011318390257656574,-0.005235987715423107,0.03490658476948738,0.0,4.602433204650879,-70.61044333341678,41.6403150011142
2025-01-19 13:00:35.076999936,0.0339551717042923,-0.003490658476948738,0.036651913076639175,0.0,4.609414577484131,-70.61044500008344,41.64031666778089
2025-01-19 13:00:38.116000000,0.10186551511287689,-0.005235987715423107,0.03490658476948738,0.0,4.609414577484131,-70.61044666675011,41.64031666778087
2025-01-19 13:00:41.108999936,0.0792287290096283,-0.003490658476948738,0.03316125646233559,0.0,4.611159801483154,-70.61044666675011,41.64031666778087
2025-01-19 13:00:44.152000000,0.10186551511287689,-0.006981316953897476,0.03490658476948738,0.0,4.6006879806518555,-70.61045000008342,41.64031666778089
2025-01-19 13:00:48.212999936,0.0792287290096283,-0.005235987715423107,0.036651913076639175,0.0,4.602433204650879,-70.61045000008342,41.64031666778089
2025-01-19 13:00:52.284000000,0.1924126297235489,-0.001745329238474369,0.03839724510908127,0.0,4.611159801483154,-70.61045166675011,41.64031833444756
2025-01-19 13:00:56.351000064,0.0565919503569603,-0.005235987715423107,0.03490658476948738,0.0,4.605924129486084,-70.61045333341677,41.64031833444756
2025-01-19 13:01:10.660000000,0.12450229376554489,0.0,0.03839724510908127,0.0,4.614650726318359,-70.61045000008342,41.6403150011142
2025-01-19 13:01:14.732000000,0.0339551717042923,0.0,0.036651913076639175,0.0,4.616395950317383,-70.61045000008342,41.640313334447534
2025-01-19 13:01:18.800000000,0.0565919503569603,-0.003490658476948738,0.04014257341623306,0.0,4.605924129486084,-70.61045000008342,41.64031000111422
2025-01-19 13:01:22.868999936,0.0565919503569603,-0.005235987715423107,0.03839724510908127,0.0,4.607669353485107,-70.61045000008342,41.64031000111422
2025-01-19 13:01:28.776000000,0.0792287290096283,-0.005235987715423107,0.03839724510908127,0.0,4.602433204650879,-70.61045000008342,41.64030666778087
2025-01-19 13:01:32.845999872,0.0792287290096283,-0.008726646192371845,0.036651913076639175,0.0,4.595451831817627,-70.61045000008342,41.64030666778087
2025-01-19 13:01:39.072000000,0.0792287290096283,-0.003490658476948738,0.03839724510908127,0.0,4.607669353485107,-70.61045000008342,41.64031000111422
2025-01-19 13:01:43.140000000,0.0792287290096283,-0.003490658476948738,0.036651913076639175,0.0,4.616395950317383,-70.6104566860529,41.64030802849029
2025-01-19 13:01:51.278000128,0.0565919503569603,-0.005235987715423107,0.03839724510908127,0.0,4.607669353485107,-70.61044833341678,41.64031000111422
2025-01-19 13:01:55.348999936,0.3508701026439667,-0.003490658476948738,0.036651913076639175,0.0,4.673991680145264,-70.61044666675011,41.64030833444755
2025-01-19 13:01:59.416999936,0.23768620193004608,-0.003490658476948738,0.036651913076639175,0.0,4.67224645614624,-70.61044666675011,41.64030666778087
2025-01-19 13:02:03.484999936,0.0565919503569603,-0.003490658476948738,0.036651913076639175,0.0,4.665265083312988,-70.61044833341678,41.640306667780884
2025-01-19 13:02:15.694000128,0.1924126297235489,0.0,0.03490658476948738,0.0,4.679227828979492,-70.61045333341677,41.64030666778087
2025-01-19 13:02:19.766000128,0.39614367485046387,-0.005235987715423107,0.036651913076639175,0.0,4.661774635314941,-70.61045500008343,41.64030666778087
2025-01-19 13:02:27.905999872,0.23768620193004608,-0.003490658476948738,0.04014257341623306,0.0,4.667010307312012,-70.61047649410385,41.64030167093938
2025-01-19 13:02:36.930000128,0.3735068738460541,-0.005235987715423107,0.03839724510908127,0.0,4.667010307312012,-70.61046000008345,41.640306667780884
2025-01-19 13:02:41.066999808,0.2829597592353821,-0.005235987715423107,0.03490658476948738,0.0,4.67224645614624,-70.61046000008345,41.64030500111419
2025-01-19 13:02:48.339000064,0.12450229376554489,-0.003490658476948738,0.04014257341623306,0.0,4.673991680145264,-70.61045666675012,41.64030833444755
2025-01-19 13:02:52.412000000,0.011318390257656574,-0.003490658476948738,0.03839724510908127,0.0,4.605924129486084,-70.61045666675012,41.64030833444755
2025-01-19 13:02:56.476999936,0.0339551717042923,-0.001745329238474369,0.03839724510908127,0.0,4.611159801483154,-70.61045500008343,41.64030833444755
2025-01-19 16:26:16.783000064,0.17822898924350739,-0.04014257341623306,-0.15358898043632507,0.0,3.0194196701049805,-70.45633047005799,41.835203539483366
2025-01-19 16:34:52.487000064,0.08769997954368591,-0.36477380990982056,-0.027925267815589905,0.0,3.145083427429199,-70.4561750000533,41.83456000112504
2025-01-19 16:34:56.490000128,0.17822898924350739,-0.6248278617858887,-0.06981316953897476,0.0,3.2724924087524414,-70.45618333338663,41.83455000112502
2025-01-19 16:35:00.492000000,0.7666675448417664,-0.8395033478736877,-0.06283185631036758,0.0,3.293436288833618,-70.4561900000533,41.83453833445836
2025-01-19 16:35:04.494999808,1.6493253707885742,-0.8499753475189209,-0.027925267815589905,0.0,3.2829642295837402,-70.4561887774289,41.8345317207908
2025-01-19 16:35:08.496999936,2.4867186546325684,-0.893608570098877,-0.04886921867728233,0.0,3.328342914581299,-70.45618666671997,41.834531667791694
2025-01-19 16:35:12.500000000,3.5730667114257812,-0.8901179432868958,-0.045378562062978745,0.0,3.3231070041656494,-70.45618333338663,41.83452000112505
2025-01-19 16:35:16.505000192,4.727311611175537,-0.891863226890564,-0.054105207324028015,0.0,3.3265974521636963,-70.45568000005322,41.8343016677917
2025-01-19 16:35:20.506000128,6.017350196838379,-0.8674286603927612,-0.04363323003053665,0.0,3.337069511413574,-70.4556789600641,41.83429234904964
2025-01-19 16:35:24.512000000,7.488446235656738,-0.8447393774986267,-0.03490658476948738,0.0,3.3597588539123535,-70.4556780284658,41.8342808626214
2025-01-19 16:35:28.528000000,8.642691612243652,-0.8080874681472778,-0.04188790172338486,0.0,3.3667402267456055,-70.45567734114,41.834271281659284
2025-01-19 16:35:32.530999808,9.79693603515625,-0.7487462759017944,-0.04363323003053665,0.0,3.364994764328003,-70.45567654889896,41.83426058716908
2025-01-19 16:35:36.532999936,10.815387725830078,-0.689405083656311,-0.04886921867728233,0.0,3.317870855331421,-70.45567510175928,41.834250062246795
2025-01-19 16:35:40.536000000,11.516987800598145,-0.6544984579086304,-0.06457718461751938,0.0,3.2655110359191895,-70.45567350363096,41.83424240462071
2025-01-19 16:35:44.538000128,12.082793235778809,-0.6562438011169434,-0.06108652427792549,0.0,3.223623037338257,-70.4556718836801,41.83423632563037
2025-01-19 16:35:48.543000064,12.648599624633789,-0.6754423975944519,-0.05585053563117981,0.0,3.2044246196746826,-70.45567017380164,41.83423049544209
2025-01-19 16:35:52.545000192,13.146509170532227,-0.6946410536766052,-0.05061454698443413,0.0,3.209660530090332,-70.45566876161014,41.83422555685289
2025-01-19 16:35:56.546999808,13.463360786437988,-0.7033677101135254,-0.04363323003053665,0.0,3.223623037338257,-70.45566794986071,41.834222510699085
2025-01-19 16:36:00.548999936,13.757580757141113,-0.7103490233421326,-0.04363323003053665,0.0,3.2375857830047607,-70.45566726034772,41.83421972055453
2025-01-19 16:36:04.552000000,13.961270332336426,-0.7155849933624268,-0.045378562062978745,0.0,3.249803066253662,-70.45566682847206,41.834217845015125
2025-01-19 16:36:08.553999872,14.30075454711914,-0.7365289330482483,-0.05061454698443413,0.0,3.2515482902526855,-70.45566612499401,41.834214757759554
2025-01-19 16:36:12.556999936,14.323386192321777,-0.7609635591506958,-0.04363323003053665,0.0,3.2340950965881348,-70.45566608204207,41.83421458728459
2025-01-19 16:36:16.728000000,14.34601879119873,-0.7731808423995972,-0.04712389037013054,0.0,3.239331007003784,-70.45566604294171,41.83421442750329
2025-01-19 16:36:20.730000128,14.413915634155273,-0.7609635591506958,-0.04712389037013054,0.0,3.220132350921631,-70.45566590122664,41.83421390522385
2025-01-19 16:36:24.732999936,14.436548233032227,-0.7260569930076599,-0.045378562062978745,0.0,3.206169843673706,-70.45566584772362,41.83421372126034
2025-01-19 16:36:28.749000192,14.323386192321777,-0.6684610843658447,-0.057595863938331604,0.0,3.2148964405059814,-70.45566620182596,41.834214992097984
2025-01-19 16:36:32.750000128,14.323386192321777,-0.6614797711372375,-0.05235987901687622,0.0,3.2009339332580566,-70.45566620182596,41.834214992097984
2025-01-19 16:36:36.752000000,14.232857704162598,-0.6318091750144958,-0.045378562062978745,0.0,3.195697784423828,-70.45566653352193,41.834216077725614
2025-01-19 16:36:40.755000064,14.30075454711914,-0.5253441333770752,-0.05585053563117981,0.0,3.2044246196746826,-70.45566629323505,41.834215258416755
2025-01-19 16:36:44.756999936,14.029167175292969,-0.42586034536361694,-0.04886921867728233,0.0,3.2148964405059814,-70.4556677639341,41.834220536606985
2025-01-19 16:36:48.759000064,13.893373489379883,-0.39095374941825867,-0.05235987901687622,0.0,3.2148964405059814,-70.45566857323408,41.83422344110243
2025-01-19 16:36:52.765000192,13.757580757141113,-0.3577924966812134,-0.06806784123182297,0.0,3.223623037338257,-70.45566942758313,41.8342266471146
2025-01-19 16:36:56.767000064,13.757580757141113,-0.28274333477020264,-0.054105207324028015,0.0,3.2183871269226074,-70.45566942758313,41.8342266471146
2025-01-19 16:37:00.768999936,13.757580757141113,-0.2059488445520401,-0.05235987901687622,0.0,3.2079150676727295,-70.45566942758313,41.8342266471146
2025-01-19 16:37:04.772999936,13.68968391418457,-0.1500983089208603,-0.054105207324028015,0.0,3.2079150676727295,-70.45566856983358,41.83422367286325
2025-01-19 16:37:08.775000064,13.667051315307617,-0.09424778074026108,-0.054105207324028015,0.0,3.2148964405059814,-70.45566818251693,41.834222282823234
2025-01-19 16:37:12.776999936,13.304935455322266,-0.036651913076639175,-0.05585053563117981,0.0,3.2218778133392334,-70.45566818251693,41.834222282823234
2025-01-19 16:37:16.780999936,13.237038612365723,0.024434609338641167,-0.054105207324028015,0.0,3.2218778133392334,-70.45566818251693,41.834222282823234
2025-01-19 16:37:20.783000064,13.191774368286133,0.08203047513961792,-0.05235987901687622,0.0,3.2340950965881348,-70.45566818251693,41.834222282823234
2025-01-19 16:37:24.788999936,13.101244926452637,0.15533430874347687,-0.04712389037013054,0.0,3.2375857830047607,-70.45566818251693,41.834222282823234
2025-01-19 16:37:28.790999808,12.648599624633789,0.2321287840604782,-0.04886921867728233,0.0,3.2445671558380127,-70.45566508813168,41.83420925289273
2025-01-19 16:37:32.793999872,12.625967979431152,0.2897246479988098,-0.05061454698443413,0.0,3.24282169342041,-70.45566497250407,41.8342087708919
2025-01-19 16:37:36.796999936,12.218586921691895,0.33684855699539185,-0.05235987901687622,0.0,3.2445671558380127,-70.45566290451217,41.83420006292601
2025-01-19 16:37:40.800000000,12.060161590576172,0.36826446652412415,-0.05061454698443413,0.0,3.2445671558380127,-70.45566221225317,41.834197147939314
2025-01-19 16:37:44.804000000,11.720677375793457,0.3874630928039551,-0.054105207324028015,0.0,3.2515482902526855,-70.45566076493151,41.83419079627677
2025-01-19 16:37:48.806999808,11.449090957641602,0.404916375875473,-0.05585053563117981,0.0,3.26027512550354,-70.45565972435841,41.834185976017004
2025-01-19 16:37:52.813999872,10.951181411743164,0.4380776286125183,-0.05585053563117981,0.0,3.2690017223358154,-70.45565800406636,41.83417753984339
2025-01-19 16:37:56.816999936,10.453271865844727,0.48694685101509094,-0.057595863938331604,0.0,3.270746946334839,-70.45565647658803,41.83416996047465
2025-01-19 16:38:00.819000064,10.136420249938965,0.5393067598342896,-0.057595863938331604,0.0,3.2724924087524414,-70.45565563087303,41.83416571374276
2025-01-19 16:38:04.822000128,9.615878105163574,0.59690260887146,-0.05235987901687622,0.0,3.277728319168091,-70.45565441578927,41.83415938497854
2025-01-19 16:38:08.824000000,9.072704315185547,0.6475171446800232,-0.06108652427792549,0.0,3.307399034500122,-70.4556535046576,41.83415337733909
2025-01-19 16:38:12.825999872,8.144782066345215,0.6911503672599792,-0.06108652427792549,0.0,3.324852228164673,-70.45565228151831,41.83414382669389
2025-01-19 16:38:16.828999936,7.556343078613281,0.7225663065910339,-0.057595863938331604,0.0,3.3335788249969482,-70.45565162390461,41.83413817235516
2025-01-19 16:38:20.831000064,6.78684663772583,0.7400196194648743,-0.07504915446043015,0.0,3.335324287414551,-70.45565081282201,41.83413105456258
2025-01-19 16:38:24.835000064,5.836292266845703,0.7522369027137756,-0.0872664600610733,0.0,3.337069511413574,-70.45564984148805,41.83412235093489
2025-01-19 16:38:28.839000064,4.749943733215332,0.7766715288162231,-0.07679449021816254,0.0,3.3335788249969482,-70.45564873637247,41.83411284884739
2025-01-19 16:38:32.841000192,3.957815170288086,0.8063421249389648,-0.07679449021816254,0.0,3.335324287414551,-70.45564799451721,41.83410633856524
2025-01-19 16:38:36.844000000,2.916731595993042,0.809832751750946,-0.10297442227602005,0.0,3.303908348083496,-70.45564668276847,41.83409795096054
2025-01-19 16:38:40.846999808,1.7851189374923706,0.7819074988365173,-0.09948376566171646,0.0,3.2759830951690674,-70.45564476490422,41.834088084181076
2025-01-19 16:38:44.848999936,0.7214030623435974,0.45727625489234924,-0.12915436923503876,0.0,3.2724924087524414,-70.45564125962177,41.834070482466466
2025-01-19 16:38:48.851000064,0.17822898924350739,0.3141592741012573,-0.15707963705062866,0.0,3.321361541748047,-70.45569402287242,41.83408165407892
2025-01-19 16:39:06.454999808,0.20086124539375305,-0.03141592815518379,-0.25132742524147034,0.0,3.3231070041656494,-70.45592611788369,41.83413079577292
2025-01-19 16:39:10.457999872,0.20086124539375305,-0.03839724510908127,-0.04014257341623306,0.0,3.2340950965881348,-70.45597889431761,41.83414197017668
2025-01-19 16:39:14.460000000,0.20086124539375305,0.005235987715423107,-0.22689279913902283,0.0,3.3196163177490234,-70.45603165756827,41.83415314178913
2025-01-19 16:39:22.464000000,0.20086124539375305,0.006981316953897476,-0.07155849784612656,0.0,3.3964107036590576,-70.45613718406643,41.834175485013375
2025-01-19 16:39:26.470000128,0.20086124539375305,-0.036651913076639175,-0.2914699912071228,0.0,3.368485450744629,-70.4561900000533,41.83418666779171
2025-01-19 16:39:30.476000000,0.20086124539375305,-0.03141592815518379,-0.2617993950843811,0.0,3.394665479660034,-70.4561900000533,41.83418000112501
2025-01-19 16:46:13.729000192,0.17822898924350739,0.001745329238474369,-0.1186823919415474,0.015267946413335239,5.9655351638793945,-70.45603166671995,41.83342833445831
2025-01-19 16:50:46.653000192,0.17822898924350739,-0.6161012053489685,-0.09773843735456467,1.054935827276119,5.913175582885742,-70.45590000005326,41.833035001124955
2025-01-19 16:50:50.654000128,0.381919264793396,-0.860447347164154,-0.09075712412595749,1.0701771073233104,5.941100597381592,-70.45590000005326,41.83303166779163
2025-01-19 16:50:54.657000192,0.9703578352928162,-0.9791297316551208,-0.07853981852531433,1.0854260064620038,5.848598480224609,-70.45589833338659,41.833030001124946
2025-01-19 16:50:58.663000064,1.8756479024887085,-0.9616764187812805,-0.10471975803375244,1.1006863337838373,5.70548152923584,-70.45590375697512,41.83303351828369
2025-01-19 16:51:02.664999936,3.029892683029175,-0.9494591355323792,-0.06283185631036758,1.1159314229226678,5.621705532073975,-70.45589666671991,41.83302666779162
2025-01-19 16:51:06.667000064,4.138873100280762,-0.9337511658668518,-0.06457718461751938,1.1311765129697222,5.597270965576172,-70.45589666671991,41.83302500112495
2025-01-19 16:51:10.671000064,5.293118000030518,-0.9005898833274841,-0.09424778074026108,1.1464292212000544,5.6251959800720215,-70.45590505478957,41.833029614161404
2025-01-19 16:51:14.674000128,6.492627143859863,-0.8848819136619568,-0.04363323003053665,1.1616781203387476,5.663593292236328,-70.45591406542856,41.83303498004308
2025-01-19 16:51:18.693000192,7.714768886566162,-0.8744099736213684,-0.05235987901687622,1.1769879694847816,5.691518783569336,-70.45592314962803,41.83304070687241
2025-01-19 16:51:22.696000000,9.163232803344727,-0.8569566607475281,-0.045378562062978745,1.1922368686234748,5.7194437980651855,-70.45593400170505,41.833047945332694
2025-01-19 16:51:26.697999872,10.36274242401123,-0.8377580642700195,-0.04712389037013054,1.2074819577623053,5.738642692565918,-70.4559431618877,41.833054295564565
2025-01-19 16:51:30.700999936,11.765942573547363,-0.8255407214164734,-0.057595863938331604,1.2227308569009985,5.764822483062744,-70.45595389245447,41.833062134880905
2025-01-19 16:51:34.703000064,13.146509170532227,-0.8011061549186707,-0.05585053563117981,1.237975946948053,5.777040004730225,-70.45596484064077,41.83307033103824
2025-01-19 16:51:38.704999936,14.323386192321777,-0.7784168720245361,-0.05061454698443413,1.2532210360868834,5.822418212890625,-70.45597412934107,41.83307794646533
2025-01-19 16:51:42.708000000,15.500264167785645,-0.7592182159423828,-0.045378562062978745,1.2684699352255766,5.843362331390381,-70.45598354873293,41.833086001570955
2025-01-19 16:51:46.709000192,16.63187599182129,-0.7417649030685425,-0.05061454698443413,1.2837112161809923,5.864306449890137,-70.45599268698037,41.833094154690386
2025-01-19 16:51:50.714999808,17.83138656616211,-0.7190756797790527,-0.05235987901687622,1.298971542594602,5.892231464385986,-70.4560024665489,41.83310339210343
2025-01-19 16:51:54.716999936,18.940366744995117,-0.7033677101135254,-0.05585053563117981,1.3142166326416564,5.930628776550293,-70.45601133514513,41.833112464003946
2025-01-19 16:51:58.724000000,20.00408172607422,-0.7016223669052124,-0.05061454698443413,1.329480769055129,5.948081970214844,-70.4560196441445,41.83312128248064
2025-01-19 16:52:02.724999936,21.158327102661133,-0.6527531147003174,-0.05061454698443413,1.3447220491023204,5.890486240386963,-70.45603038089588,41.833131387711454
2025-01-19 16:52:06.728000000,22.244674682617188,-0.6073746085166931,-0.06283185631036758,1.3599709482410136,5.8276543617248535,-70.45604225732582,41.83314122767579
2025-01-19 16:52:10.730000128,23.03680419921875,-0.44854962825775146,-0.05061454698443413,1.3752160382880683,5.869542121887207,-70.45605373406,41.83315157674938
2025-01-19 16:52:14.732999936,23.421552658081055,-0.21642082929611206,-0.05235987901687622,1.3904649374267615,5.9358649253845215,-70.4560628762624,41.83316103202468
2025-01-19 16:52:18.734999808,23.512081146240234,-0.1186823919415474,-0.05235987901687622,1.405710026565592,5.9899702072143555,-70.45607052985055,41.83316992364594
2025-01-19 16:52:22.740000000,23.783668518066406,-0.07504915446043015,-0.05061454698443413,1.4209665447957867,6.033603191375732,-70.4560738559954,41.833174185482235
2025-01-19 16:52:26.743000064,23.851564407348633,-0.05235987901687622,-0.05061454698443413,1.43621544393448,6.059782981872559,-70.4560738559954,41.833174185482235
2025-01-19 16:52:30.746000128,23.919462203979492,-0.05061454698443413,-0.05235987901687622,1.4514643430731733,6.084217548370361,-70.4560738559954,41.833174185482235
2025-01-19 16:52:34.748000000,23.874197006225586,-0.05061454698443413,-0.05061454698443413,1.4667094322120038,6.112143039703369,-70.4560738559954,41.833174185482235
2025-01-19 16:52:38.750000128,23.82893180847168,-0.06108652427792549,-0.05585053563117981,1.4819545222590582,6.131341457366943,-70.4560738559954,41.833174185482235
2025-01-19 16:52:42.752000000,23.82893180847168,-0.06806784123182297,-0.054105207324028015,1.4971996123061126,6.161012172698975,-70.4560738559954,41.833174185482235
2025-01-19 16:52:46.753999872,23.7384033203125,-0.0890117883682251,-0.054105207324028015,1.5124447014449431,6.173229694366455,-70.4560738559954,41.833174185482235
2025-01-19 16:52:50.829999872,23.89682960510254,-0.09948376566171646,-0.054105207324028015,1.5279716842541962,6.190682888031006,-70.4560738559954,41.833174185482235
2025-01-19 16:52:54.832000000,23.851564407348633,-0.09250245243310928,-0.057595863938331604,1.5432167743012506,6.178465366363525,-70.4560738559954,41.833174185482235
2025-01-19 16:52:58.849999872,23.7384033203125,-0.09424778074026108,-0.054105207324028015,1.5585228134474218,6.194173336029053,-70.4560738559954,41.833174185482235
2025-01-19 16:53:02.852000000,23.670507431030273,-0.08377580344676971,-0.05585053563117981,1.5737679034944763,6.199409484863281,-70.4560738559954,41.833174185482235
2025-01-19 16:53:06.854000128,23.57997703552246,-0.054105207324028015,-0.054105207324028015,1.5890129935415307,6.20988130569458,-70.4560738559954,41.833174185482235
2025-01-19 16:53:10.858000128,23.444183349609375,-0.013962633907794952,-0.05585053563117981,1.6042657017718627,6.215117454528809,-70.4560738559954,41.833174185482235
2025-01-19 16:53:14.860000000,23.421552658081055,0.05585053563117981,-0.05061454698443413,1.6195107909106932,6.234315872192383,-70.4560738559954,41.833174185482235
2025-01-19 16:53:18.861999872,23.37628746032715,0.116937056183815,-0.054105207324028015,1.6347558809577476,6.220353603363037,-70.4560738559954,41.833174185482235
2025-01-19 16:53:22.864000000,23.28575897216797,0.1727875918149948,-0.05235987901687622,1.650000971004802,6.234315872192383,-70.4560738559954,41.833174185482235
2025-01-19 16:53:26.869999872,22.901010513305664,0.22514747083187103,-0.057595863938331604,1.6652612974184118,6.225589275360107,-70.45607886870809,41.83318490788208
2025-01-19 16:53:30.872000000,22.78784942626953,0.25307273864746094,-0.05235987901687622,1.6805063874654662,6.24478816986084,-70.45608000600363,41.83318749924697
2025-01-19 16:53:34.874000128,22.35783576965332,0.28274333477020264,-0.05585053563117981,1.6957514775125206,6.227334976196289,-70.45608475486357,41.833197714442335
2025-01-19 16:53:38.876000000,22.222042083740234,0.3159045875072479,-0.0593411959707737,1.7109965666513511,6.241297245025635,-70.45608594429645,41.8332003930111
2025-01-19 16:53:42.878000128,21.678869247436523,0.3560471534729004,-0.054105207324028015,1.7262416566984056,6.274458885192871,-70.4560902527155,41.83321129093054
2025-01-19 16:53:46.880000000,21.362016677856445,0.39968040585517883,-0.05585053563117981,1.74148674674546,0.015707964077591896,-70.45609227688762,41.83321691264538
2025-01-19 16:53:50.882999808,20.999900817871094,0.45204028487205505,-0.054105207324028015,1.7567356449759293,0.04712389037013054,-70.45609410121135,41.83322269728699
2025-01-19 16:53:54.884999936,20.411462783813477,0.4956735074520111,-0.05235987901687622,1.7719807350229837,0.05585053563117981,-70.45609674139467,41.83323140843266
2025-01-19 16:53:58.891000064,19.958816528320312,0.5410520434379578,-0.05585053563117981,1.7872410623448174,0.036651913076639175,-70.4560987266319,41.833237420801275
2025-01-19 16:54:02.892999936,19.257217407226562,0.5899212956428528,-0.06108652427792549,1.8024861514836479,0.005235987715423107,-70.45610190847744,41.83324590291627
2025-01-19 16:54:06.895000064,18.465087890625,0.6318091750144958,-0.0593411959707737,1.8177312415307023,6.2727131843566895,-70.45610540598544,41.833254693211906
2025-01-19 16:54:10.897000192,17.740856170654297,0.6684610843658447,-0.06457718461751938,1.8329763315777567,6.251769542694092,-70.45610855431316,41.83326203945579
2025-01-19 16:54:14.900000000,16.948728561401367,0.6911503672599792,-0.06981316953897476,1.84822523071645,6.2220988273620605,-70.45611219521986,41.83326974108795
2025-01-19 16:54:18.901999872,16.02080535888672,0.7051129937171936,-0.07330382615327835,1.8634703198552804,6.194173336029053,-70.4561166858084,41.83327845759956
2025-01-19 16:54:22.905999872,14.889192581176758,0.7138396501541138,-0.07679449021816254,1.8787230280856124,6.16973876953125,-70.45612242323713,41.83328883141371
2025-01-19 16:54:26.908999936,13.802845001220703,0.7173303365707397,-0.0890117883682251,1.8939719272243059,6.117379188537598,-70.45612857567816,41.83329849061342
2025-01-19 16:54:30.914000128,12.693864822387695,0.7068583369255066,-0.08028514683246613,1.9092284454545005,6.078981876373291,-70.45613549651807,41.83330836131689
2025-01-19 16:54:34.916999936,11.607516288757324,0.7086036801338196,-0.0872664600610733,1.924477344593194,6.038839340209961,-70.45614277222354,41.833317796877175
2025-01-19 16:54:38.918999808,10.385375022888184,0.7033677101135254,-0.0890117883682251,1.9397224337320242,5.9899702072143555,-70.45615173968899,41.83332821485807
2025-01-19 16:54:42.923000064,9.253762245178223,0.7051129937171936,-0.0872664600610733,1.9549751428705804,5.962044715881348,-70.45616036043839,41.83333764094618
2025-01-19 16:54:46.926000128,8.099516868591309,0.7068583369255066,-0.0872664600610733,1.9702240420092736,5.916666030883789,-70.45616969847482,41.83334691827174
2025-01-19 16:54:50.928999936,6.967904567718506,0.7138396501541138,-0.10471975803375244,1.9854729402397429,5.852088928222656,-70.45617948129565,41.83335543290615
2025-01-19 16:54:54.933000192,5.723130702972412,0.7190756797790527,-0.09599310904741287,2.0007256493782988,5.804965019226074,-70.45619072466155,41.83336433370464
2025-01-19 16:54:58.938999808,4.410459995269775,0.7173303365707397,-0.10297442227602005,2.0159859757919087,5.756095886230469,-70.45620321706087,41.83337330205926
2025-01-19 16:55:02.943000064,3.029892683029175,0.7260569930076599,-0.1448623239994049,2.0312386849304644,5.651376247406006,-70.45621737950123,41.83338152633746
2025-01-19 16:55:06.944999936,1.853015661239624,0.6859143972396851,-0.05061454698443413,2.046483774069295,5.717698574066162,-70.45622955111715,41.83338961636341
2025-01-19 16:55:10.947000064,0.6535062789916992,0.4747295677661896,-0.04363323003053665,2.0617288641163496,5.667084217071533,-70.4562499810156,41.8334018696956
2025-01-19 16:55:32.276000000,0.20086124539375305,-0.13439035415649414,-0.24783675372600555,2.1429788686045645,5.565855026245117,-70.4562560540954,41.833353248990996
2025-01-19 16:55:36.279000064,0.22349348664283752,0.003490658476948738,-0.08552113175392151,2.158227767743258,5.93411922454834,-70.45625719388342,41.83334412391802
2025-01-19 16:55:40.280999936,0.17822898924350739,0.0593411959707737,-0.11344639956951141,2.1734728568820882,6.154030799865723,-70.45625833338666,41.83333500112497
2025-01-19 16:55:44.288999936,0.22349348664283752,-0.13788101077079773,-0.2076941877603531,2.1887408032954236,5.995205879211426,-70.45625833338666,41.8333333344583
2025-01-19 17:02:25.247000064,0.20086124539375305,-0.055894688902533296,-0.2144349809838251,3.7009403705596924,5.95890296783733,-70.4561100000533,41.832678334458265
2025-01-19 17:07:12.099000064,0.35928699374198914,-0.9336645983395203,-0.07227262400583655,3.7017910480499268,0.6112841294316265,-70.45603333338663,41.83226833445824
2025-01-19 17:07:16.101000192,1.1287835836410522,-0.9459107575422682,-0.07028925360606175,3.7017838954925537,0.5366771157408353,-70.45603500005329,41.83226500112492
2025-01-19 17:07:20.104000000,1.9888091087341309,-0.9581599765329532,-0.06830538764741632,3.701782703399658,0.4620514609694623,-70.45603366863959,41.832274124466444
2025-01-19 17:07:24.104999936,3.5956990718841553,-0.9704030752182007,-0.06632251292467117,3.701782703399658,0.3874630928039551,-70.45603233789113,41.832283243249506
2025-01-19 17:07:28.114000128,4.591517925262451,-0.9878563284873962,-0.04363323003053665,3.7017672061920166,0.34033921360969543,-70.45603173742661,41.83229052561766
2025-01-19 17:07:33.313999872,6.515259742736816,-0.9564404487609863,0.04014257341623306,3.7017595767974854,0.2076941877603531,-70.45603258089149,41.832299388392144
2025-01-19 17:07:37.316999936,8.122149467468262,-0.9442231059074402,0.04188790172338486,3.701744556427002,6.195919036865234,-70.45603736613371,41.832308725563934
2025-01-19 17:07:41.319000064,9.79693603515625,-0.9302604794502258,0.02617993950843811,3.7017152309417725,5.930628776550293,-70.45604586217118,41.832317416471234
2025-01-19 17:07:45.324999936,11.335928916931152,-0.9128072261810303,0.036651913076639175,3.701673746109009,5.665338516235352,-70.45605658327919,41.83232382389792
2025-01-19 17:07:49.326999808,12.648599624633789,-0.8813912868499756,0.022689281031489372,3.701627492904663,5.401793956756592,-70.45606831045681,41.83232764270395
2025-01-19 17:07:53.332999936,14.278121948242188,-0.8883726000785828,0.022689281031489372,3.7015812397003174,5.153957366943359,-70.45608350665225,41.83232950965763
2025-01-19 17:07:57.349999872,15.454998970031738,-0.9075711965560913,0.03490658476948738,3.7015254497528076,4.906120300292969,-70.4560940176893,41.83232883969775
2025-01-19 17:08:01.355000064,17.356107711791992,-0.9110618829727173,0.036651913076639175,3.7014896869659424,4.6478118896484375,-70.45611013550739,41.83232453044557
2025-01-19 17:08:05.375000064,18.71404266357422,-0.8988445401191711,0.03839724510908127,3.7014389038085938,4.379031181335449,-70.45612029881413,41.83231919405501
2025-01-19 17:08:09.377000192,20.68305015563965,-0.8464846611022949,0.013962633907794952,3.7014105319976807,4.131194114685059,-70.45613351606772,41.83230771329878
2025-01-19 17:08:13.382999808,21.882558822631836,-0.7923794984817505,-0.013962633907794952,3.7013797760009766,3.9392080307006836,-70.45614028707935,41.83229884556234
2025-01-19 17:08:17.387000064,22.855745315551758,-0.39095374941825867,-0.06457718461751938,3.7013680934906006,3.8781216144561768,-70.45615136291194,41.832282032567626
2025-01-19 17:08:21.388000000,22.96890640258789,-0.1780235767364502,-0.06632251292467117,3.701352119445801,3.853687047958374,-70.45615736964795,41.83227232296872
2025-01-19 17:08:25.391000064,23.421552658081055,-0.02094395086169243,-0.04886921867728233,3.7013442516326904,3.8624136447906494,-70.4561602236923,41.83226781323222
2025-01-19 17:08:29.396000000,23.28575897216797,0.005235987715423107,-0.06283185631036758,3.7013401985168457,3.857177734375,-70.4561602236923,41.83226781323222
2025-01-19 17:08:33.400000000,23.48944854736328,0.012217304669320583,-0.06457718461751938,3.7013401985168457,3.8484508991241455,-70.4561602236923,41.83226781323222
2025-01-19 17:08:37.403000064,23.240493774414062,0.015707964077591896,-0.06806784123182297,3.7013401985168457,3.8222711086273193,-70.4561602236923,41.83226781323222
2025-01-19 17:08:41.404999936,23.48944854736328,0.024434609338641167,-0.06108652427792549,3.7013401985168457,3.8048176765441895,-70.4561602236923,41.83226781323222
2025-01-19 17:08:45.408000000,23.21786117553711,0.02617993950843811,-0.0593411959707737,3.7013401985168457,3.792600393295288,-70.4561602236923,41.83226781323222
2025-01-19 17:08:49.411000064,23.534713745117188,0.057595863938331604,-0.06283185631036758,3.7013401985168457,3.7716565132141113,-70.4561602236923,41.83226781323222
2025-01-19 17:08:53.416000000,23.263126373291016,0.07679449021816254,-0.06108652427792549,3.7013401985168457,3.7350046634674072,-70.4561602236923,41.83226781323222
2025-01-19 17:08:57.417999872,23.421552658081055,0.10821041464805603,-0.06457718461751938,3.7013401985168457,3.705333948135376,-70.4561602236923,41.83226781323222
2025-01-19 17:09:01.420999936,23.715770721435547,0.16929693520069122,-0.07330382615327835,3.7013401985168457,3.6861352920532227,-70.4561602236923,41.83226781323222
2025-01-19 17:09:05.426000128,23.444183349609375,0.2548180818557739,-0.07504915446043015,3.7013401985168457,3.6425020694732666,-70.4561623561928,41.83226075271333
2025-01-19 17:09:09.430000128,23.421552658081055,0.36477380990982056,-0.05585053563117981,3.7013423442840576,3.5796701908111572,-70.45616244140379,41.83226035611603
2025-01-19 17:09:13.434000128,23.534713745117188,0.45553094148635864,-0.07853981852531433,3.7013425827026367,3.5255651473999023,-70.4561621521792,41.83226240427977
2025-01-19 17:09:17.435000064,23.3989200592041,0.5358160734176636,-0.06283185631036758,3.701340913772583,3.448770523071289,-70.45616221902634,41.832260646006674
2025-01-19 17:09:21.538000128,23.3989200592041,0.5829399824142456,-0.09599310904741287,3.701343059539795,3.3841934204101562,-70.45616221902634,41.832260646006674
2025-01-19 17:09:25.540000000,23.444183349609375,0.638790488243103,-0.08028514683246613,3.701343059539795,3.3265974521636963,-70.45616228798,41.83226119448806
2025-01-19 17:09:29.540999936,23.149965286254883,0.6527531147003174,-0.09250245243310928,3.7013418674468994,3.274237632751465,-70.45616166246403,41.832258015427776
2025-01-19 17:09:33.543000064,23.3989200592041,0.6754423975944519,-0.0872664600610733,3.7013485431671143,3.2375857830047607,-70.45616234368094,41.83226077200823
2025-01-19 17:09:37.548000000,23.082067489624023,0.6841690540313721,-0.08203047513961792,3.7013423442840576,3.2079150676727295,-70.45616144491505,41.83225765551312
2025-01-19 17:09:41.552000000,23.3989200592041,0.6946410536766052,-0.07679449021816254,3.7013497352600098,3.1904618740081787,-70.45616249913819,41.832261024638015
2025-01-19 17:09:45.553999872,23.082067489624023,0.7016223669052124,-0.07330382615327835,3.701341390609741,3.1782445907592773,-70.45616150969022,41.83225802801565
2025-01-19 17:09:49.556999936,23.353654861450195,0.7086036801338196,-0.06806784123182297,3.7013490200042725,3.1782445907592773,-70.45616243363561,41.83226082625823
2025-01-19 17:09:53.559000064,23.12733268737793,0.7051129937171936,-0.05235987901687622,3.7013418674468994,3.1887166500091553,-70.45616177410476,41.83225873496329
2025-01-19 17:09:57.561000192,23.3989200592041,0.7086036801338196,-0.054105207324028015,3.7013471126556396,3.1904618740081787,-70.45616265271475,41.832261542857196
2025-01-19 17:10:01.565999872,23.12733268737793,0.6859143972396851,-0.0593411959707737,3.7013401985168457,3.223623037338257,-70.45616193885805,41.83225886404205
2025-01-19 17:10:05.568000000,23.3989200592041,0.6492624878883362,-0.05585053563117981,3.7013463973999023,3.2759830951690674,-70.45616255927239,41.83226205584012
2025-01-19 17:10:09.573999872,23.059436798095703,0.5759586691856384,-0.05585053563117981,3.7013399600982666,3.3091442584991455,-70.45616192452768,41.832257804413516
2025-01-19 17:10:13.578000128,23.082067489624023,0.4974188506603241,-0.0593411959707737,3.701347827911377,3.351032257080078,-70.45616195928837,41.83225817888436
2025-01-19 17:10:17.581000192,23.059436798095703,0.42062434554100037,-0.057595863938331604,3.7013471126556396,3.371976137161255,-70.45616193678087,41.83225783113768
2025-01-19 17:10:21.583000064,22.855745315551758,0.4084070324897766,-0.057595863938331604,3.701347827911377,3.3999013900756836,-70.45616183980324,41.83225428382422
2025-01-19 17:10:25.584999936,22.69731903076172,0.46076691150665283,-0.057595863938331604,3.701352834701538,3.4295718669891357,-70.45616186992562,41.83225184245645
2025-01-19 17:10:29.589999872,22.244674682617188,0.5445427298545837,-0.06108652427792549,3.7013561725616455,3.4470252990722656,-70.45616208695338,41.83224576038336
2025-01-19 17:10:33.594000128,22.26730728149414,0.5811946392059326,-0.06283185631036758,3.7013635635375977,3.4330625534057617,-70.45616208167594,41.83224607070763
2025-01-19 17:10:37.596000000,21.40728187561035,0.5550147294998169,-0.06108652427792549,3.7013630867004395,3.4295718669891357,-70.45616222769273,41.83223423628976
2025-01-19 17:10:41.631000064,21.339384078979492,0.5201081037521362,-0.06457718461751938,3.701378583908081,3.4400439262390137,-70.4561622498524,41.83223339510637
2025-01-19 17:10:45.634000128,21.090429306030273,0.48694685101509094,-0.04712389037013054,3.7013797760009766,3.4784412384033203,-70.45616253796997,41.83222969028971
2025-01-19 17:10:49.636000000,20.27566909790039,0.48694685101509094,-0.054105207324028015,3.701383590698242,3.495894432067871,-70.45616380666686,41.83221715502532
2025-01-19 17:10:53.638000128,20.0946102142334,0.4974188506603241,-0.05235987901687622,3.7013962268829346,3.549999713897705,-70.4561642529575,41.8322145951309
2025-01-19 17:10:57.640999936,19.460906982421875,0.48345619440078735,-0.05585053563117981,3.7013981342315674,3.5953781604766846,-70.45616658101206,41.83220474954415
2025-01-19 17:11:01.642999808,18.89510154724121,0.48345619440078735,-0.057595863938331604,3.7014033794403076,3.637266159057617,-70.45616911651088,41.83219614534904
2025-01-19 17:11:05.645999872,18.170869827270508,0.4939281642436981,-0.057595863938331604,3.7014060020446777,3.66170072555542,-70.45617262538408,41.83218548436833
2025-01-19 17:11:09.651000064,17.808753967285156,0.5096361637115479,-0.054105207324028015,3.7014081478118896,3.675663471221924,-70.45617439713601,41.832180407750414
2025-01-19 17:11:13.654000128,17.15241813659668,0.5096361637115479,-0.057595863938331604,3.701408863067627,3.694862127304077,-70.45617794931319,41.8321709745985
2025-01-19 17:11:17.657999872,16.247127532958984,0.5201081037521362,-0.0593411959707737,3.701409101486206,3.70184326171875,-70.45618284092501,41.832158323597014
2025-01-19 17:11:21.658999808,16.02080535888672,0.5288347601890564,-0.06806784123182297,3.701409101486206,3.7210419178009033,-70.45618404591174,41.832155417449925
2025-01-19 17:11:25.664999936,14.911825180053711,0.5270894169807434,-0.06806784123182297,3.701408863067627,3.7402405738830566,-70.45619081674424,41.832140131491634
2025-01-19 17:11:29.668000000,13.961270332336426,0.5358160734176636,-0.06632251292467117,3.7014057636260986,3.7507126331329346,-70.45619662641647,41.8321274614924
2025-01-19 17:11:33.670000128,13.463360786437988,0.5270894169807434,-0.06457718461751938,3.701402425765991,3.762929916381836,-70.45619975837658,41.83212089377773
2025-01-19 17:11:37.672000000,12.625967979431152,0.5113814473152161,-0.07330382615327835,3.7014005184173584,3.789109706878662,-70.45620579210733,41.832109216584136
2025-01-19 17:11:41.677999872,11.426458358764648,0.516617476940155,-0.06457718461751938,3.701395034790039,3.8083083629608154,-70.45621471522935,41.83209288698699
2025-01-19 17:11:45.681999872,10.770122528076172,0.5061454772949219,-0.06632251292467117,3.701385974884033,3.817034959793091,-70.45621976614248,41.83208386918362
2025-01-19 17:11:49.684999936,9.84220027923584,0.49043750762939453,-0.07504915446043015,3.701380491256714,3.7838737964630127,-70.4562265399506,41.8320705527326
2025-01-19 17:11:53.687000064,9.050071716308594,0.47822022438049316,-0.08552113175392151,3.7013747692108154,3.7437312602996826,-70.45623194574812,41.83205848969069
2025-01-19 17:11:57.692000000,8.099516868591309,0.44854962825775146,-0.06806784123182297,3.7013721466064453,3.708824634552002,-70.45623809732056,41.832042986439184
2025-01-19 17:12:01.694000128,7.284756183624268,0.42236968874931335,-0.07679449021816254,3.701371431350708,3.6808993816375732,-70.4562431601939,41.83202878438612
2025-01-19 17:12:05.696999936,6.447362899780273,0.406661719083786,-0.08377580344676971,3.7013728618621826,3.665191411972046,-70.4562482387108,41.83201358310013
2025-01-19 17:12:09.698999808,5.836292266845703,0.3874630928039551,-0.07504915446043015,3.701375722885132,3.6599555015563965,-70.45625200837058,41.83200204295314
2025-01-19 17:12:13.704999936,4.976266384124756,0.3577924966812134,-0.06981316953897476,3.701378107070923,3.637266159057617,-70.45625723075699,41.831984320689195
2025-01-19 17:12:17.708000000,4.2294020652771,0.36128315329551697,-0.07330382615327835,3.7013838291168213,3.614576816558838,-70.45626125052058,41.831969037635254
2025-01-19 17:12:21.711000064,3.5956990718841553,0.3577924966812134,-0.06981316953897476,3.701390266418457,3.5883970260620117,-70.45626421850247,41.8319559535695
2025-01-19 17:12:25.712999936,3.029892683029175,0.3473205268383026,-0.07330382615327835,3.701397657394409,3.5988688468933105,-70.45626706234012,41.831944166642266
2025-01-19 17:12:29.719000064,2.2377638816833496,0.34033921360969543,-0.09075712412595749,3.7014036178588867,3.5953781604766846,-70.45627116854149,41.83192680089812
2025-01-19 17:12:33.723000064,2.4414541721343994,0.36651915311813354,-0.07155849784612656,3.7014126777648926,3.570943593978882,-70.45627040255765,41.83193057608954
2025-01-19 17:12:37.724999936,0.8345643281936646,0.5899212956428528,-0.05235987901687622,3.7014102935791016,3.66170072555542,-70.45627919200301,41.83190387094594
2025-01-19 17:14:57.971000064,0.11033222824335098,-0.5965210258034961,-0.12718353005321048,3.701409101486206,3.1657842944963033,-70.45638166671999,41.83163000112487
2025-01-19 17:15:01.973999872,0.7440353035926819,-0.7217405830647772,-0.11038578477988262,3.7014269828796387,3.108846489949163,-70.45638000005333,41.83161666779154
2025-01-19 17:15:05.976000000,1.6719576120376587,-0.8469288611652325,-0.0935922354914904,3.701451063156128,3.051922908154318,-70.45637666672,41.831603334458244
2025-01-19 17:15:09.979000064,2.735673427581787,-0.9721484184265137,-0.07679449021816254,3.7014808654785156,2.9949851036071777,-70.45637322674072,41.83159765534412
2025-01-19 17:15:13.984999936,4.138873100280762,-0.9878563284873962,-0.10297442227602005,3.701500654220581,2.9984755516052246,-70.45636769574133,41.83158843867338
2025-01-19 17:15:19.131000064,6.3568339347839355,-0.9634217619895935,-0.1186823919415474,3.7015326023101807,3.0770153999328613,-70.45636319640198,41.831579025695085
2025-01-19 17:15:23.137000192,8.008988380432129,-0.938987135887146,-0.1466076523065567,3.701561212539673,3.2079150676727295,-70.45636022582407,41.831568725129436
2025-01-19 17:15:27.140000000,9.661142349243164,-0.8970992565155029,-0.13439035415649414,3.701585531234741,3.335324287414551,-70.45635893000859,41.831557354015544
2025-01-19 17:15:31.144000000,10.951181411743164,-0.8499753475189209,-0.12391837686300278,3.7016055583953857,3.455751895904541,-70.45635940490398,41.83154732658034
2025-01-19 17:15:35.147000064,12.648599624633789,-0.8063421249389648,-0.09948376566171646,3.701617479324341,3.567452907562256,-70.45636216959582,41.83153337226995
2025-01-19 17:15:39.151000064,13.938638687133789,-0.8028514385223389,-0.07504915446043015,3.701626777648926,3.6529741287231445,-70.45636546186196,41.831522979260505
2025-01-19 17:15:43.153000192,15.568160057067871,-0.9180431962013245,-0.07679449021816254,3.701629400253296,3.7367498874664307,-70.45637000333468,41.83151260500822
2025-01-19 17:15:47.172000000,17.039257049560547,-1.0122909545898438,-0.06108652427792549,3.701627492904663,3.755948543548584,-70.45637339900311,41.83150532392883
2025-01-19 17:15:51.173000192,19.347745895385742,-1.0384708642959595,-0.02967059798538685,3.701625347137451,3.665191411972046,-70.45637710294172,41.831494236949446
2025-01-19 17:15:55.191000064,20.954635620117188,-1.0663961172103882,-0.06108652427792549,3.701627492904663,3.665191411972046,-70.45637945374823,41.83148720029108
2025-01-19 17:15:59.194000128,21.633604049682617,-1.0663961172103882,-0.1431169956922531,3.7016286849975586,3.766420602798462,-70.45638082858042,41.83148434872308
2025-01-19 17:16:03.198999808,21.678869247436523,-1.0245082378387451,-0.13089969754219055,3.701627731323242,3.8781216144561768,-70.45638094239995,41.831484175943
2025-01-19 17:16:07.203000064,21.769397735595703,-0.9791297316551208,-0.116937056183815,3.701627492904663,4.003785133361816,-70.45638126150374,41.83148381439302
2025-01-19 17:16:11.204000000,21.429914474487305,-0.8691739439964294,-0.06283185631036758,3.701627016067505,4.05265474319458,-70.45637919830442,41.8314859205159
2025-01-19 17:16:15.308000000,21.973087310791016,-0.7993608117103577,-0.09075712412595749,3.7016313076019287,4.162610054016113,-70.45638319049279,41.831482665402746
2025-01-19 17:16:19.308999936,21.927824020385742,-0.6859143972396851,-0.06108652427792549,3.7016217708587646,4.2132248878479,-70.45638271448686,41.83148301612023
2025-01-19 17:16:23.312000000,22.26730728149414,-0.5864306092262268,-0.06632251292467117,3.70162296295166,4.298746109008789,-70.45638709460796,41.831480299187554
2025-01-19 17:16:27.313999872,22.35783576965332,-0.4625122547149658,-0.06806784123182297,3.701611280441284,4.3441243171691895,-70.45638844412925,41.831479536647585
2025-01-19 17:16:31.319000064,22.742584228515625,-0.33335790038108826,-0.05235987901687622,3.7016074657440186,4.431390762329102,-70.45639809009528,41.831475016199484
2025-01-19 17:16:35.323000064,22.60679054260254,-0.2076941877603531,-0.04363323003053665,3.7015798091888428,4.534365177154541,-70.4563911283467,41.83147757497948
2025-01-19 17:16:39.325999872,23.263126373291016,-0.07853981852531433,-0.05585053563117981,3.7016007900238037,4.639085292816162,-70.45640092509004,41.83147488332705
2025-01-19 17:16:43.328000000,23.03680419921875,-0.005235987715423107,-0.10122909396886826,3.7015700340270996,4.768239498138428,-70.45640567496916,41.831474078097244
2025-01-19 17:16:47.329999872,23.37628746032715,-0.019198622554540634,-0.09250245243310928,3.701554298400879,4.82758092880249,-70.45640567496916,41.831474078097244
2025-01-19 17:16:51.332000000,23.059436798095703,-0.001745329238474369,-0.06806784123182297,3.701554298400879,4.879940509796143,-70.45640567496916,41.831474078097244
2025-01-19 17:16:55.336999936,23.3989200592041,0.022689281031489372,-0.06981316953897476,3.701554298400879,4.906120300292969,-70.45640567496916,41.831474078097244
2025-01-19 17:16:59.339000064,23.082067489624023,0.07330382615327835,-0.04712389037013054,3.701554298400879,4.904375076293945,-70.45640567496916,41.831474078097244
2025-01-19 17:17:03.342999808,23.331022262573242,0.116937056183815,-0.10646508634090424,3.701554298400879,4.8869218826293945,-70.45640567496916,41.831474078097244
2025-01-19 17:17:07.348999936,23.082067489624023,0.18849556148052216,-0.03141592815518379,3.701554298400879,4.829326152801514,-70.45640567496916,41.831474078097244
2025-01-19 17:17:11.354000128,23.331022262573242,0.2897246479988098,-0.06632251292467117,3.701554298400879,4.787437915802002,-70.45639583246954,41.831475598700294
2025-01-19 17:17:15.357000192,23.421552658081055,0.42236968874931335,-0.04886921867728233,3.701586961746216,4.7019171714782715,-70.45639353076321,41.83147611095017
2025-01-19 17:17:19.359000064,23.28575897216797,0.5619960427284241,-0.06806784123182297,3.701594352722168,4.59719705581665,-70.45639559203791,41.83147547013577
2025-01-19 17:17:23.361999872,23.240493774414062,0.6667158007621765,-0.08377580344676971,3.7015879154205322,4.482005596160889,-70.4563960813406,41.83147526585341
2025-01-19 17:17:27.368000000,22.991539001464844,0.7330383062362671,-0.08028514683246613,3.7015864849090576,4.351105690002441,-70.45639849638847,41.83147392094643
2025-01-19 17:17:31.371000064,23.308391571044922,0.771435558795929,-0.09250245243310928,3.7015798091888428,4.206243515014648,-70.45639572018311,41.83147599519581
2025-01-19 17:17:35.372999936,22.901010513305664,0.7819074988365173,-0.07679449021816254,3.7015867233276367,4.0404372215271,-70.45639844158966,41.831473144768644
2025-01-19 17:17:39.378000128,23.082067489624023,0.7731808423995972,-0.08028514683246613,3.7015810012817383,3.89732027053833,-70.45639741648047,41.83147462836349
2025-01-19 17:17:43.380999936,22.901010513305664,0.7470009326934814,-0.05585053563117981,3.701582670211792,3.7716565132141113,-70.4563981425364,41.83147314679163
2025-01-19 17:17:47.382999808,22.946273803710938,0.6789330840110779,-0.054105207324028015,3.701582193374634,3.66170072555542,-70.45639798092975,41.831473637810404
2025-01-19 17:17:51.385999872,22.719951629638672,0.6038839221000671,-0.057595863938331604,3.7015819549560547,3.583160877227783,-70.4563985474636,41.83147105843121
2025-01-19 17:17:55.388000000,22.87837791442871,0.5445427298545837,-0.05585053563117981,3.7015833854675293,3.536036968231201,-70.45639818011179,41.83147342263498
2025-01-19 17:17:59.390000128,22.470996856689453,0.5044001340866089,-0.054105207324028015,3.7015814781188965,3.492403745651245,-70.45639875147585,41.83146750255305
2025-01-19 17:18:03.396000000,22.78784942626953,0.48694685101509094,-0.05585053563117981,3.701587677001953,3.459242582321167,-70.45639847142182,41.831472884820975
2025-01-19 17:18:07.398000128,22.289939880371094,0.4991641640663147,-0.05585053563117981,3.7015812397003174,3.422590732574463,-70.45639849407742,41.83146533269366
2025-01-19 17:18:11.404000000,21.90519142150879,0.5340707302093506,-0.0593411959707737,3.7015914916992188,3.405137300491333,-70.4563983851828,41.83145997848645
2025-01-19 17:18:15.444000000,21.81466293334961,0.5497786998748779,-0.057595863938331604,3.70159912109375,3.3737213611602783,-70.45639831935283,41.83145892330649
2025-01-19 17:18:19.446000128,21.58833885192871,0.5305801033973694,-0.06283185631036758,3.7016007900238037,3.3632495403289795,-70.4563980857873,41.831455867251876
2025-01-19 17:18:23.448000000,20.88673973083496,0.5044001340866089,-0.06108652427792549,3.701605796813965,3.371976137161255,-70.4563974132367,41.831445476569314
2025-01-19 17:18:27.451000064,20.79621124267578,0.47996553778648376,-0.0593411959707737,3.701622247695923,3.361504077911377,-70.45639731473558,41.83144422605736
2025-01-19 17:18:31.484000000,20.547256469726562,0.45553094148635864,-0.057595863938331604,3.7016243934631348,3.3335788249969482,-70.45639686420715,41.83144035247804
2025-01-19 17:18:35.487000064,19.981449127197266,0.4660029113292694,-0.06108652427792549,3.7016310691833496,3.3597588539123535,-70.45639611343891,41.83143109637081
2025-01-19 17:18:39.488000000,19.14405632019043,0.5009095072746277,-0.057595863938331604,3.701646327972412,3.408627986907959,-70.45639591669884,41.831418541110224
2025-01-19 17:18:43.494999808,19.008262634277344,0.5218534469604492,-0.0593411959707737,3.7016642093658447,3.466223955154419,-70.45639602622988,41.83141675675632
2025-01-19 17:18:47.497999872,18.37455940246582,0.516617476940155,-0.06108652427792549,3.7016661167144775,3.506366491317749,-70.45639709660598,41.83140747330819
2025-01-19 17:18:51.500000000,17.469268798828125,0.5183627605438232,-0.0593411959707737,3.7016749382019043,3.5255651473999023,-70.45639895274482,41.83139432844626
2025-01-19 17:18:55.502000128,17.175050735473633,0.5183627605438232,-0.05235987901687622,3.701686382293701,3.5342917442321777,-70.45639957702952,41.831390248578664
2025-01-19 17:18:59.505000192,16.586612701416016,0.5218534469604492,-0.06457718461751938,3.7016897201538086,3.5796701908111572,-70.456401387982,41.831381819616716
2025-01-19 17:19:03.507000064,15.636056900024414,0.5358160734176636,-0.06108652427792549,3.7016947269439697,3.5953781604766846,-70.45640450590223,41.831368633240544
2025-01-19 17:19:07.509999872,15.251309394836426,0.5340707302093506,-0.06632251292467117,3.7017016410827637,3.633775472640991,-70.45640599538261,41.83136349327471
2025-01-19 17:19:11.515000064,14.34601879119873,0.5183627605438232,-0.06806784123182297,3.7017035484313965,3.654719352722168,-70.45641014082852,41.831350507961965
2025-01-19 17:19:15.519000064,13.259671211242676,0.5270894169807434,-0.06632251292467117,3.701706647872925,3.672172784805298,-70.45641534541602,41.83133537894005
2025-01-19 17:19:19.522000128,12.874922752380371,0.5235987901687622,-0.07679449021816254,3.7017087936401367,3.70184326171875,-70.45641734123556,41.83133021710761
2025-01-19 17:19:23.524000000,12.037528991699219,0.514872133731842,-0.06632251292467117,3.7017087936401367,3.7175512313842773,-70.45642221187589,41.83131832340244
2025-01-19 17:19:27.529999872,10.724858283996582,0.5096361637115479,-0.057595863938331604,3.7017078399658203,3.74198579788208,-70.4564305052767,41.83129970856073
2025-01-19 17:19:31.532999936,10.226948738098145,0.5044001340866089,-0.06457718461751938,3.7017040252685547,3.7716565132141113,-70.45643390271752,41.83129277579994
2025-01-19 17:19:35.631000064,9.27639389038086,0.48520153760910034,-0.06806784123182297,3.7017014026641846,3.7908551692962646,-70.45644092400835,41.831279257306385
2025-01-19 17:19:39.632999936,8.393736839294434,0.4729842245578766,-0.07679449021816254,3.701695203781128,3.8187804222106934,-70.45644847953841,41.831265833338485
2025-01-19 17:19:43.635000064,7.556343078613281,0.45029494166374207,-0.06632251292467117,3.7016868591308594,3.813544511795044,-70.45645575884973,41.8312527083611
2025-01-19 17:19:47.637000192,6.741581916809082,0.4136430323123932,-0.06632251292467117,3.701678991317749,3.7978365421295166,-70.4564631520829,41.83123876296551
2025-01-19 17:19:51.640000000,5.881556510925293,0.3857177793979645,-0.07504915446043015,3.701671838760376,3.7472219467163086,-70.45647042219966,41.831222725362814
2025-01-19 17:19:55.641999872,5.2478532791137695,0.36302849650382996,-0.07504915446043015,3.7016682624816895,3.722787380218506,-70.45647564359514,41.83121020951059
2025-01-19 17:19:59.648000000,4.659414768218994,0.3490658402442932,-0.07330382615327835,3.701666831970215,3.708824634552002,-70.45648042090285,41.83119816942124
2025-01-19 17:20:03.650000128,3.912550687789917,0.343829870223999,-0.07330382615327835,3.7016663551330566,3.7000980377197266,-70.45648643738744,41.831182506386874
2025-01-19 17:20:07.652000000,3.1430540084838867,0.3455751836299896,-0.08028514683246613,3.7016665935516357,3.6826446056365967,-70.45649223122669,41.83116636670208
2025-01-19 17:20:11.655000064,1.8756479024887085,0.30717796087265015,-0.06981316953897476,3.7016680240631104,3.597123622894287,-70.45649644057161,41.831148743710564
2025-01-19 17:20:16.974999808,1.8756479024887085,0.30717796087265015,-0.07155849784612656,3.7016773223876953,3.6058502197265625,-70.45649644057161,41.831148743710564
2025-01-19 17:20:20.976999936,1.1287835836410522,0.3298672139644623,-0.07330382615327835,3.7016773223876953,3.628539562225342,-70.45650117815691,41.83113197113122
2025-01-19 17:20:24.979000064,0.35928699374198914,0.3234139348190133,-0.07319656945383031,3.700636759176772,3.6107706988271016,-70.45650808295177,41.8311173106461
2025-01-19 17:20:36.987000064,0.17822898924350739,0.3040508729738832,-0.0728747457642133,3.6975145496221007,3.557455230343077,-70.45652880078634,41.83107332186557
2025-01-19 17:20:40.988000000,0.17822898924350739,0.2975992066095056,-0.07276751586998641,3.6964742464651144,3.5396908076773546,-70.45653570385558,41.83105866504434
2025-01-19 17:20:44.991000064,0.20086124539375305,0.2911443150674385,-0.07266023237170703,3.695433423262245,3.521917504605174,-70.45654261037565,41.8310440008962
2025-01-19 17:20:52.999000064,0.20086124539375305,0.27823130680561464,-0.07244561177109575,3.693351256810623,3.486362018054354,-70.45655642686661,41.83101466527299
2025-01-19 17:20:57.002000128,0.20086124539375305,0.2717764152635475,-0.07233832827281636,3.6923104336077537,3.468588714982173,-70.45656333338668,41.83100000112484
2025-01-19 17:21:01.007000064,0.20086124539375305,0.26531829892824405,-0.07223099117687427,3.691269090420992,3.450806532562112,-70.45656000005336,41.83098666779154
2025-01-19 17:21:05.008999936,0.20086124539375305,0.258865019782795,-0.07212373447742623,3.6902285272100688,3.433037669163871,-70.45655833338664,41.83098166779139
2025-01-19 17:21:13.019000064,0.20086124539375305,0.2459487867277349,-0.07190906027915227,3.688145840774555,3.397473303265171,-70.45655333338668,41.83096166779152
2025-01-19 17:21:17.023000064,0.2461257427930832,0.23949228278904958,-0.07180174998204153,3.6871047575797395,3.3796955605190497,-70.45654833338669,41.83095166779152
2025-01-19 17:21:21.025000192,0.20086124539375305,0.2330390036436006,-0.07169449328259349,3.686064194368816,3.361926697120809,-70.45654333338669,41.83094166779153
2025-01-19 17:21:25.028000000,0.20086124539375305,0.22658411210153345,-0.0715872097843141,3.6850233711659466,3.3441533940486283,-70.45654166692815,41.830935835186665
2025-01-19 17:21:33.038000128,0.20086124539375305,0.2136678790464733,-0.07137253558604013,3.682940684730433,3.3085890281499277,-70.45653666672001,41.83091833445819
2025-01-19 17:21:37.040000000,0.17822898924350739,0.2072146002854775,-0.07126527889298188,3.681900121581501,3.290820165810265,-70.45653333338667,41.83090666779152
2025-01-19 17:21:41.042000128,0.20086124539375305,0.20076132114002854,-0.07115802219353386,3.680859558370577,3.2730513024120245,-70.45652833338669,41.830895001124844
2025-01-19 17:21:45.046999808,0.20086124539375305,0.19430320480472504,-0.07105068509759177,3.679818215183816,3.2552691199919632,-70.45652749974114,41.830889165606074
2025-01-19 17:21:49.048999936,0.20086124539375305,0.18784992565927608,-0.07094342839814373,3.6787776519728927,3.2375002565937225,-70.45652666672001,41.830883334458164
2025-01-19 17:21:53.052999936,0.17822898924350739,0.18139342172059075,-0.07083611810103299,3.6777365687780774,3.2197225138476018,-70.45652333338667,41.830871667791506
2025-01-19 17:21:57.056000000,0.20086124539375305,0.17493853017852362,-0.0707288346027536,3.676695745575208,3.2019492107754206,-70.45652000005335,41.83085833445819
2025-01-19 17:22:01.063000064,0.17822898924350739,0.1684771886655306,-0.07062144390275901,3.6756538823425635,3.184158147948901,-70.4565183333867,41.83084500112485
2025-01-19 17:22:05.065999872,0.20086124539375305,0.16202229712346344,-0.07051416040447964,3.674613059139694,3.1663848448767205,-70.45651666651185,41.83083916706285
2025-01-19 17:22:09.068000000,0.20086124539375305,0.15556901797801448,-0.0704069037050316,3.6735724959287706,3.1486159814784798,-70.45651500005336,41.83083333445817
2025-01-19 17:22:13.075000064,0.17822898924350739,0.14910767646502146,-0.070299513005037,3.6725306326961262,3.13082491865196,-70.45651000005334,41.83082000112484
2025-01-19 17:22:17.078000128,0.20086124539375305,0.14265278492295433,-0.07019222950675762,3.6714898094932567,3.113051615579779,-70.45650666672,41.83080833445818
2025-01-19 17:22:21.080000000,0.20086124539375305,0.13619950616195853,-0.07008497281369938,3.6704492463443246,3.0952827532401166,-70.45650333338668,41.830795001124834
2025-01-19 17:22:25.083000064,0.20086124539375305,0.1297446146198914,-0.06997768931541999,3.669408423141455,3.077509450167936,-70.45650166630358,41.83078916633401
2025-01-19 17:22:29.084000000,0.17822898924350739,0.1232929478710606,-0.0698704594148033,3.6683681199224774,3.0597450264436357,-70.45650000005334,41.830783334458175
2025-01-19 17:22:33.092000000,0.20086124539375305,0.1168299939614494,-0.06976304191597738,3.6673259966978873,3.0419495239431753,-70.45650000005334,41.83077000112486
2025-01-19 17:22:37.096000000,0.20086124539375305,0.11037349002276409,-0.06965573161886664,3.666284913503072,3.0241717811970545,-70.45650166672002,41.830756667791505
2025-01-19 17:22:41.098000128,0.20086124539375305,0.10392021087731511,-0.0695484749194186,3.6652443502921486,3.006402917798814,-70.45650166672002,41.83074500112484
2025-01-19 17:22:45.101000192,0.20086124539375305,0.09746531933524798,-0.0694411914211392,3.664203527089279,2.988629614726633,-70.45650249994928,41.83073833529071
2025-01-19 17:22:49.104999936,0.20086124539375305,0.09100881539656265,-0.06933388112402847,3.6631624438944637,2.970851871980512,-70.45650333338668,41.8307316677915
2025-01-19 17:22:53.107000064,0.20086124539375305,0.08455553625111369,-0.06922662442458043,3.6621218806835403,2.9530830085822717,-70.45650666672,41.83072333445816
2025-01-19 17:22:57.108999936,0.17822898924350739,0.07810225749011789,-0.06911936773152219,3.6610813175346077,2.9353141462426087,-70.45650500005334,41.830713334458174
2025-01-19 17:23:01.111000064,0.20086124539375305,0.07164897834466892,-0.06901211103207415,3.6600407543236844,2.9175452828443684,-70.45650500005334,41.830703334458185
2025-01-19 17:23:05.117000192,0.20086124539375305,0.06518924922829408,-0.06890474713091092,3.658999151082986,2.899758659691789,-70.45650583380294,41.83069833196056
2025-01-19 17:23:09.119000064,0.20086124539375305,0.05873597046729828,-0.06879749043785269,3.6579585879340537,2.881989797352126,-70.45650666672,41.830693334458175
2025-01-19 17:23:13.120999936,0.20086124539375305,0.05228269132184932,-0.06869023373840465,3.6569180247231303,2.8642209339538858,-70.45651000005334,41.83068333445817
2025-01-19 17:23:17.125999872,0.20086124539375305,0.045824574986545824,-0.06858289664246256,3.655876681536369,2.846438751533824,-70.45651166672,41.830676667791536
2025-01-19 17:23:21.128000000,0.20086124539375305,0.03937129584109685,-0.06847563994301452,3.6548361183254454,2.828669888135584,-70.45651333338667,41.83067000112487
2025-01-19 17:23:25.232000000,0.20086124539375305,0.03275354032254565,-0.06836564956468501,3.653769034014309,2.810448145179522,-70.45651333338667,41.83066482210899
2025-01-19 17:23:34.375000064,0.20086124539375305,0.01801032964720139,-0.06812061009240064,3.6513917553790782,2.7698532645557044,-70.45651333338667,41.830650001124845
2025-01-19 17:23:38.376000000,0.20086124539375305,0.011558663282823775,-0.06801338019817375,3.650351452222092,2.752088841889982,-70.45651000005334,41.83064000112483
2025-01-19 17:23:42.379000064,0.20086124539375305,0.0051037717407566305,-0.06790609669989438,3.6493106290192223,2.734315538817801,-70.45651000005334,41.830631667791494
2025-01-19 17:23:46.380999936,0.20086124539375305,-0.0013495074046923382,-0.06779884000044634,3.648270065808299,2.716546675419561,-70.45650833338668,41.83062166779148
2025-01-19 17:23:50.382999808,0.20086124539375305,-0.0078027861656881315,-0.0676915833073881,3.647229502659367,2.698777813079898,-70.45650666672006,41.83061750112495
2025-01-19 17:23:54.384999936,0.20086124539375305,-0.0142560653111371,-0.06758432660794006,3.646188939448443,2.6810089496816576,-70.45650500005334,41.830613334458164
2025-01-19 17:23:58.392999936,0.17822898924350739,-0.020719019220748293,-0.06747690910911412,3.645146816223853,2.6632134471811972,-70.45650500005334,41.8306066677915
2025-01-19 17:24:02.398000128,0.20086124539375305,-0.02717713594050496,-0.06736957200678223,3.6441054729751,2.6454312637025583,-70.45650333338668,41.830598334458166
2025-01-19 17:24:06.400000000,0.17822898924350739,-0.03363041508595393,-0.0672623153073342,3.6430649097641767,2.6276624003043176,-70.45650166672002,41.83059000112485
2025-01-19 17:24:10.405999872,0.15559673309326172,-0.040090143817875595,-0.06715495141256077,3.64202330658547,2.609875778210316,-70.45650250046957,41.830585832377075
2025-01-19 17:24:14.408000000,0.17822898924350739,-0.04654342296332457,-0.06704769471311273,3.640982743374546,2.5921069148120757,-70.45650333338668,41.8305816677915
2025-01-19 17:24:18.411000064,0.20086124539375305,-0.052998314505391705,-0.06694041121483334,3.6399419201716765,2.574333611739895,-70.45650500005334,41.83057166779149
2025-01-19 17:24:22.413000192,0.17822898924350739,-0.05945159365084068,-0.0668331545153853,3.638901356960753,2.5565647483416543,-70.45650833338668,41.830561667791486
2025-01-19 17:24:26.416000000,0.20086124539375305,-0.06590648480845465,-0.06672587102349571,3.6378605338198753,2.538791446328051,-70.45650666672,41.8305516677915
2025-01-19 17:24:30.421999872,0.20086124539375305,-0.07236621392482949,-0.06661850712233247,3.6368189305791767,2.521004823175472,-70.45650666672,41.83054749852301
2025-01-19 17:24:34.423000064,0.20086124539375305,-0.07881788067366029,-0.06651127722171578,3.635778627360199,2.5032403994511716,-70.45650666672,41.83054333445818
2025-01-19 17:24:38.427000064,0.20086124539375305,-0.0852743846123456,-0.06640396692460505,3.6347375441653837,2.4854626567050504,-70.45650333338668,41.830535001124844
2025-01-19 17:24:42.434000128,0.20086124539375305,-0.09173572612533862,-0.06629657622461047,3.6336956809327394,2.467671593878531,-70.45650166672002,41.83052833445816
2025-01-19 17:29:08.447000064,0.05000000074505806,-0.5206852776751907,-0.05916722197044041,3.5645294303142903,1.2865750049294857,-70.45643000005332,41.83007833445813
2025-01-19 17:33:06.428000000,0.20086124539375305,-0.9044328509144133,-0.05278914701054032,3.542717933654785,0.22994037707478285,-70.45643000005332,41.82969333445813
2025-01-19 17:33:10.435000064,0.3140225112438202,-0.9108941924274062,-0.05268175631054573,3.5426907539367676,0.21214931424826305,-70.45643500379946,41.8296874967543
2025-01-19 17:33:14.436000000,1.2419447898864746,-0.917345859176237,-0.052574526409929045,3.5426907539367676,0.19438489052396307,-70.45644000005332,41.82968166779145
2025-01-19 17:33:18.444000000,2.2603962421417236,-0.9238088130858483,-0.05246710891110311,3.5426666736602783,0.17658938802350288,-70.45645000005331,41.82967000112479
2025-01-19 17:33:22.444999936,3.2562153339385986,-0.9302604794502258,-0.05235987901687622,3.54264235496521,0.15882496535778046,-70.45645145150998,41.829675985752665
2025-01-19 17:33:26.452000000,4.591517925262451,-0.9145525097846985,-0.057595863938331604,3.5431478023529053,0.21991148591041565,-70.45645291968258,41.82968709768629
2025-01-19 17:33:31.598000128,6.4247307777404785,-0.8674286603927612,0.022689281031489372,3.5439374446868896,0.19547687470912933,-70.45645449947428,41.8296970312138
2025-01-19 17:33:35.604000000,8.008988380432129,-0.8307767510414124,0.001745329238474369,3.5448668003082275,6.25002384185791,-70.45646008164458,41.82970865184646
2025-01-19 17:33:39.605999872,9.253762245178223,-0.7993608117103577,-0.001745329238474369,3.546011447906494,5.988224506378174,-70.45646811960995,41.82971713375962
2025-01-19 17:33:43.710000128,10.61169719696045,-0.7627089023590088,-0.010471975430846214,3.546907901763916,5.740387916564941,-70.45648035475224,41.829725022424796
2025-01-19 17:33:47.712000000,11.562252044677734,-0.7155849933624268,-0.013962633907794952,3.547935724258423,5.529202938079834,-70.45649196421232,41.8297296864281
2025-01-19 17:33:51.713999872,12.807025909423828,-0.7103490233421326,-0.02094395086169243,3.548703908920288,5.297074317932129,-70.45650817040747,41.829733094565775
2025-01-19 17:33:55.716999936,14.278121948242188,-0.8534660339355469,0.013962633907794952,3.549731731414795,5.066690921783447,-70.45652367985126,41.82973362976107
2025-01-19 17:33:59.740000000,15.251309394836426,-0.982620358467102,0.05061454698443413,3.550638198852539,4.825835227966309,-70.4565313248065,41.82973241409588
2025-01-19 17:34:03.742000128,17.220314025878906,-1.0384708642959595,0.07504915446043015,3.550978422164917,4.571017265319824,-70.45654360389207,41.829728140914405
2025-01-19 17:34:07.748000000,19.008262634277344,-1.0367255210876465,0.12217304855585098,3.5517325401306152,4.232423305511475,-70.45655251890163,41.82972181278674
2025-01-19 17:34:11.750999808,20.954635620117188,-1.0210176706314087,0.057595863938331604,3.5523993968963623,4.050909042358398,-70.45656095646527,41.82971329837302
2025-01-19 17:34:15.753999872,21.633604049682617,-0.8482300043106079,-0.12042772024869919,3.553206205368042,4.009021282196045,-70.4565652002988,41.829708716449495
2025-01-19 17:34:19.756000000,21.56570816040039,-0.6998770236968994,-0.04363323003053665,3.553518533706665,4.049163818359375,-70.45656507086355,41.82970898182357
2025-01-19 17:34:23.762000128,21.882558822631836,-0.6230825185775757,-0.07853981852531433,3.553260087966919,4.118977069854736,-70.45656865871952,41.829705859160825
2025-01-19 17:34:27.766000128,21.859926223754883,-0.5550147294998169,-0.0593411959707737,3.55342698097229,4.218461036682129,-70.45656878023406,41.82970577231049
2025-01-19 17:34:31.776999936,22.289939880371094,-0.4660029113292694,-0.057595863938331604,3.5532066822052,4.337143421173096,-70.45657651747173,41.82970127029568
2025-01-19 17:34:35.779000064,22.154146194458008,-0.36128315329551697,-0.07853981852531433,3.5536766052246094,4.427900314331055,-70.45657329147211,41.82970268362536
2025-01-19 17:34:39.785000192,22.719951629638672,-0.2548180818557739,-0.04014257341623306,3.5531797409057617,4.560545444488525,-70.45659268386004,41.829695854921674
2025-01-19 17:34:43.787000064,22.561527252197266,-0.13788101077079773,-0.08028514683246613,3.5544610023498535,4.689699649810791,-70.45660305853156,41.82969322753682
2025-01-19 17:34:47.789999872,23.03680419921875,-0.03839724510908127,-0.036651913076639175,3.5549938678741455,4.834561824798584,-70.45660828824194,41.829692345411424
2025-01-19 17:34:51.792000000,22.901010513305664,0.02094395086169243,-0.12915436923503876,3.555140495300293,4.9410271644592285,-70.45660872413688,41.82969202933056
2025-01-19 17:34:55.792999936,23.172597885131836,0.02967059798538685,-0.09075712412595749,3.554954767227173,5.0317840576171875,-70.45660916003182,41.829691713249716
2025-01-19 17:34:59.799000064,22.946273803710938,0.027925267815589905,-0.05235987901687622,3.5547685623168945,5.073672294616699,-70.45660959603573,41.829691397089846
2025-01-19 17:35:03.803000064,23.240493774414062,0.024434609338641167,-0.09075712412595749,3.554582118988037,5.063199996948242,-70.45661003203963,41.82969108092995
2025-01-19 17:35:07.804000000,22.855745315551758,0.045378562062978745,-0.06108652427792549,3.5543956756591797,5.052728176116943,-70.4566104681525,41.829690764691044
2025-01-19 17:35:11.809999872,23.240493774414062,0.09948376566171646,-0.09424778074026108,3.554208755493164,5.023057460784912,-70.45661090415639,41.82969044853117
2025-01-19 17:35:15.813999872,23.059436798095703,0.1745329201221466,-0.01745329238474369,3.5540215969085693,4.965461730957031,-70.45661134016031,41.82969013237128
2025-01-19 17:35:19.816000000,23.104700088500977,0.2844886779785156,-0.05061454698443413,3.5538341999053955,4.9410271644592285,-70.45660987054823,41.82968988762702
2025-01-19 17:35:23.819000064,23.28575897216797,0.4328416585922241,-0.04014257341623306,3.553513526916504,4.876450061798096,-70.45660566583356,41.82968997138529
2025-01-19 17:35:27.824000000,22.96890640258789,0.5811946392059326,-0.03316125646233559,3.552997350692749,4.808382034301758,-70.45661133781316,41.82968893143275
2025-01-19 17:35:31.826999808,22.901010513305664,0.6981316804885864,-0.05585053563117981,3.5531835556030273,4.673991680145264,-70.45661252398489,41.82968843111277
2025-01-19 17:35:35.831000064,22.742584228515625,0.7836528420448303,-0.0872664600610733,3.5530507564544678,4.515166759490967,-70.45661445427186,41.82968753881766
2025-01-19 17:35:39.832999936,22.833112716674805,0.8080874681472778,-0.04363323003053665,3.5529818534851074,4.297000408172607,-70.45661408087862,41.82968772650735
2025-01-19 17:35:43.834000128,22.60679054260254,0.7993608117103577,-0.06806784123182297,3.5527167320251465,4.124213218688965,-70.45661606458398,41.829686046761104
2025-01-19 17:35:47.840000000,22.833112716674805,0.7522369027137756,-0.05235987901687622,3.5527021884918213,3.981096029281616,-70.45661493666701,41.829687593185675
2025-01-19 17:35:51.842000128,22.51626205444336,0.6824237108230591,-0.05235987901687622,3.552295446395874,3.864158868789673,-70.45661723038536,41.82968435475174
2025-01-19 17:35:55.844999936,22.765216827392578,0.6195918917655945,-0.057595863938331604,3.5524277687072754,3.7786378860473633,-70.45661619224842,41.82968698286789
2025-01-19 17:35:59.846999808,22.403100967407227,0.5742133259773254,-0.054105207324028015,3.55192232131958,3.715806007385254,-70.45661841715963,41.829682270627956
2025-01-19 17:36:03.848999936,22.60679054260254,0.5410520434379578,-0.05585053563117981,3.5521957874298096,3.6564648151397705,-70.45661789799233,41.8296849233659
2025-01-19 17:36:07.855000064,22.51626205444336,0.5305801033973694,-0.054105207324028015,3.5516958236694336,3.614576816558838,-70.45661861660946,41.829683532658116
2025-01-19 17:36:11.858000128,21.927824020385742,0.5358160734176636,-0.05585053563117981,3.551616668701172,3.560471773147583,-70.45662060102536,41.82967500585325
2025-01-19 17:36:15.860000000,22.018352508544922,0.5585053563117981,-0.05235987901687622,3.552271842956543,3.5116024017333984,-70.45662088061967,41.82967599891798
2025-01-19 17:36:19.900999936,21.701499938964844,0.5393067598342896,-0.05585053563117981,3.5519485473632812,3.4819319248199463,-70.45662166635567,41.82967144065448
2025-01-19 17:36:23.907000064,21.248855590820312,0.5183627605438232,-0.0593411959707737,3.5521929264068604,3.459242582321167,-70.45662243986952,41.829664637476526
2025-01-19 17:36:27.910000128,21.13569450378418,0.48694685101509094,-0.04712389037013054,3.5526649951934814,3.4609878063201904,-70.45662296086985,41.82966275789534
2025-01-19 17:36:31.911000064,20.909372329711914,0.44854962825775146,-0.057595863938331604,3.5526347160339355,3.4470252990722656,-70.4566235256105,41.82965883617532
2025-01-19 17:36:35.915000064,20.27566909790039,0.4450589716434479,-0.054105207324028015,3.552812099456787,3.426081418991089,-70.45662404492259,41.8296476362555
2025-01-19 17:36:39.918999808,19.687231063842773,0.471238911151886,-0.054105207324028015,3.5537235736846924,3.4068827629089355,-70.45662431138626,41.82963790446274
2025-01-19 17:36:43.920999936,19.66459846496582,0.5009095072746277,-0.0593411959707737,3.554478645324707,3.3929200172424316,-70.45662473680052,41.82963729658477
2025-01-19 17:36:47.923000064,18.98563003540039,0.4974188506603241,-0.057595863938331604,3.554321050643921,3.394665479660034,-70.45662481519467,41.82962657223758
2025-01-19 17:36:51.926000128,18.62351417541504,0.5061454772949219,-0.057595863938331604,3.555169105529785,3.4295718669891357,-70.45662531628273,41.829620969510145
2025-01-19 17:36:55.928000000,17.899282455444336,0.5218534469604492,-0.057595863938331604,3.5555038452148438,3.4435346126556396,-70.45662607286616,41.82961031048379
2025-01-19 17:36:59.934000128,17.51453399658203,0.5340707302093506,-0.057595863938331604,3.556328773498535,3.469714641571045,-70.45662686859941,41.82960459415141
2025-01-19 17:37:04.075000064,16.69977378845215,0.5323254466056824,-0.06108652427792549,3.556663751602173,3.4749505519866943,-70.45662812588577,41.82959307611568
2025-01-19 17:37:08.076999936,15.749218940734863,0.5427973866462708,-0.057595863938331604,3.557548999786377,3.4836771488189697,-70.45662970368312,41.829579369114676
2025-01-19 17:37:12.080000000,15.454998970031738,0.5445427298545837,-0.06108652427792549,3.5586166381835938,3.488913059234619,-70.456630506435,41.82957509627089
2025-01-19 17:37:16.099000064,14.889192581176758,0.5305801033973694,-0.06283185631036758,3.558804512023926,3.495894432067871,-70.45663173250601,41.82956697210531
2025-01-19 17:37:20.101999872,13.599154472351074,0.5323254466056824,-0.06108652427792549,3.559354782104492,3.4976398944854736,-70.45663409354077,41.82954806700409
2025-01-19 17:37:24.104000000,13.21440601348877,0.5201081037521362,-0.06283185631036758,3.560889482498169,3.4941492080688477,-70.45663506327429,41.829542351614734
2025-01-19 17:37:28.109999872,12.241219520568848,0.5061454772949219,-0.06283185631036758,3.561203956604004,3.495894432067871,-70.4566369874029,41.82952733061458
2025-01-19 17:37:32.114000128,11.313297271728516,0.5078908205032349,-0.06632251292467117,3.5623536109924316,3.5081117153167725,-70.45663903120052,41.829513347878475
2025-01-19 17:37:36.115000064,10.792755126953125,0.4974188506603241,-0.0593411959707737,3.5633928775787354,3.509857177734375,-70.456640405999,41.82950520900555
2025-01-19 17:37:40.118000128,9.819568634033203,0.4764748811721802,-0.057595863938331604,3.5639069080352783,3.516838550567627,-70.45664286815018,41.82948923547877
2025-01-19 17:37:44.124000000,9.117968559265137,0.4729842245578766,-0.06283185631036758,3.5650949478149414,3.5308010578155518,-70.45664494318586,41.82947786582471
2025-01-19 17:37:48.125999872,8.099516868591309,0.47822022438049316,-0.06981316953897476,3.5658717155456543,3.5447638034820557,-70.45664810282825,41.829461260983074
2025-01-19 17:37:52.128000000,7.103698253631592,0.4642575681209564,-0.07155849784612656,3.567080020904541,3.5482542514801025,-70.45665133391985,41.829444690390986
2025-01-19 17:37:56.131000064,6.402098178863525,0.4328416585922241,-0.07330382615327835,3.5682637691497803,3.539527654647827,-70.45665372542845,41.82943215971406
2025-01-19 17:38:00.132999936,5.40627908706665,0.39968040585517883,-0.07330382615327835,3.569098472595215,3.5220744609832764,-70.45665674331161,41.82941292537298
2025-01-19 17:38:04.135000064,4.772576332092285,0.3769911229610443,-0.06981316953897476,3.5704588890075684,3.5081117153167725,-70.4566586619074,41.82940000597244
2025-01-19 17:38:08.140999936,4.161505222320557,0.3752457797527313,-0.06283185631036758,3.5712952613830566,3.549999713897705,-70.45666121248927,41.82938755971953
2025-01-19 17:38:12.144000000,3.5278022289276123,0.35953783988952637,-0.054105207324028015,3.572084903717041,3.553490400314331,-70.45666399362203,41.829374147662215
2025-01-19 17:38:16.148000000,2.871467113494873,0.3473205268383026,-0.06283185631036758,3.572939395904541,3.567452907562256,-70.45666719885295,41.829359853537866
2025-01-19 17:38:20.148999936,1.9888091087341309,0.36128315329551697,-0.03490658476948738,3.573850154876709,3.5883970260620117,-70.45667176374755,41.82934133477021
2025-01-19 17:38:24.157000192,1.1966803073883057,0.406661719083786,-0.05235987901687622,3.575065851211548,3.583160877227783,-70.45667537884214,41.8293265441791
2025-01-19 17:38:28.158999808,0.6761385202407837,0.6352998614311218,-0.08028514683246613,3.5759835243225098,3.640756845474243,-70.45667754202869,41.829320461973595
2025-01-19 17:38:36.164000000,0.01980322040617466,0.2373647838830948,-0.12217304855585098,3.57666015625,3.5622169971466064,-70.45668030049826,41.829312929539476
2025-01-19 17:41:08.387000064,0.20086124539375305,-0.783720809856025,-0.06395968823018762,3.5761654376983643,3.3339119911103587,-70.45664833338668,41.82901333445807
2025-01-19 17:41:12.392999936,0.7666675448417664,-0.8581902976033114,-0.06532952843337428,3.5761492252349854,3.3535878810964976,-70.45665833338668,41.82900000112474
2025-01-19 17:41:16.395000064,1.8756479024887085,-0.932585432785539,-0.06669800094710975,3.5761284828186035,3.373244126085275,-70.45666666672001,41.828986667791405
2025-01-19 17:41:20.400999936,3.052525043487549,-1.0070549249649048,-0.06806784123182297,3.576115131378174,3.3929200172424316,-70.45666688194895,41.82897981790864
2025-01-19 17:41:24.569999872,4.704679489135742,-0.9477137923240662,-0.11519172787666321,3.576423406600952,3.4505159854888916,-70.45666794428244,41.828966979715354
2025-01-19 17:41:29.721999872,6.922640323638916,-0.8429940342903137,-0.09599310904741287,3.5769810676574707,3.549999713897705,-70.45667064467476,41.8289536739867
2025-01-19 17:41:33.724999936,8.122149467468262,-0.7836528420448303,-0.06981316953897476,3.5777699947357178,3.607595682144165,-70.4566737033136,41.828943004791
2025-01-19 17:41:37.727000064,9.683774948120117,-0.7330383062362671,-0.06283185631036758,3.5783636569976807,3.644247531890869,-70.45667858949146,41.828928072403386
2025-01-19 17:41:41.732999936,10.679594039916992,-0.6684610843658447,-0.05235987901687622,3.579258680343628,3.6425020694732666,-70.4566822707486,41.82891701066922
2025-01-19 17:41:45.736999936,12.082793235778809,-0.6056292653083801,-0.05585053563117981,3.5798680782318115,3.66170072555542,-70.45668821157533,41.82889996801658
2025-01-19 17:41:49.742000128,12.96545124053955,-0.5794492959976196,-0.04712389037013054,3.580890417098999,3.6774086952209473,-70.45669247108926,41.82888877324633
2025-01-19 17:41:53.744000000,14.34601879119873,-0.7330383062362671,-0.054105207324028015,3.581495761871338,3.705333948135376,-70.45669795940094,41.82887556222981
2025-01-19 17:41:57.763000064,15.522895812988281,-0.9128072261810303,-0.04712389037013054,3.582232713699341,3.675663471221924,-70.45670102711496,41.82886770460676
2025-01-19 17:42:01.768000000,17.58243179321289,-0.9896016716957092,-0.04363323003053665,3.5825979709625244,3.6739180088043213,-70.45670534840424,41.828856179726245
2025-01-19 17:42:05.788999936,19.05352783203125,-1.0157816410064697,-0.03316125646233559,3.583203077316284,3.600614309310913,-70.45670761641118,41.82884834458998
2025-01-19 17:42:09.790999808,21.090429306030273,-0.9738937020301819,-0.0872664600610733,3.583555221557617,3.62155818939209,-70.45671121967106,41.82883641444303
2025-01-19 17:42:13.796000000,20.79621124267578,-0.7103490233421326,-0.04712389037013054,3.584174871444702,3.618067502975464,-70.45671084726261,41.82883911637758
2025-01-19 17:42:17.799000064,21.203590393066406,-0.6667158007621765,-0.054105207324028015,3.5838308334350586,3.6494834423065186,-70.4567125983073,41.82883458308077
2025-01-19 17:42:21.803000064,21.248855590820312,-0.6946410536766052,-0.07853981852531433,3.5839641094207764,3.7070794105529785,-70.45671318421076,41.828833886669145
2025-01-19 17:42:25.805000192,21.633604049682617,-0.6544984579086304,-0.045378562062978745,3.58384370803833,3.8379790782928467,-70.45671588836267,41.8288297475441
2025-01-19 17:42:29.811000064,21.362016677856445,-0.5724679827690125,-0.07155849784612656,3.5839624404907227,3.9566614627838135,-70.45671373362342,41.82883269114015
2025-01-19 17:42:33.813999872,21.81466293334961,-0.4642575681209564,-0.05235987901687622,3.5835788249969482,4.047418594360352,-70.45671989637503,41.82882646413271
2025-01-19 17:42:37.816000000,21.81466293334961,-0.34033921360969543,-0.05235987901687622,3.5838871002197266,4.1556291580200195,-70.45672033248161,41.82882614789343
2025-01-19 17:42:41.819000064,22.26730728149414,-0.21467550098896027,-0.05585053563117981,3.5837411880493164,4.258603572845459,-70.4567346274666,41.828816507859464
2025-01-19 17:42:45.821000192,22.335203170776367,-0.07504915446043015,-0.05235987901687622,3.584442377090454,4.379031181335449,-70.45674366240596,41.828811676414794
2025-01-19 17:42:49.823000064,22.78784942626953,0.01745329238474369,-0.13613568246364594,3.584765672683716,4.469788074493408,-70.45674801867881,41.828809676192485
2025-01-19 17:42:53.828999936,22.4483642578125,0.013962633907794952,-0.07330382615327835,3.584820508956909,4.475024223327637,-70.45674845467616,41.82880936003213
2025-01-19 17:42:57.831000064,22.810482025146484,0.03316125646233559,-0.09250245243310928,3.5846762657165527,4.475024223327637,-70.45674889078249,41.82880904379278
2025-01-19 17:43:01.832999936,22.470996856689453,0.06283185631036758,-0.036651913076639175,3.584531545639038,4.452334880828857,-70.45674932667083,41.82880872771146
2025-01-19 17:43:05.838000128,22.810482025146484,0.10471975803375244,-0.10297442227602005,3.5843868255615234,4.403465747833252,-70.45674976266817,41.82880841155111
2025-01-19 17:43:09.840000000,22.493629455566406,0.1780235767364502,-0.024434609338641167,3.5842416286468506,4.3441243171691895,-70.45675019877447,41.82880809531172
2025-01-19 17:43:13.845999872,22.765216827392578,0.27401667833328247,-0.13264502584934235,3.5840964317321777,4.267330169677734,-70.45674192024099,41.8288135399082
2025-01-19 17:43:17.848000000,22.810482025146484,0.4031710624694824,-0.03141592815518379,3.583420515060425,4.134685039520264,-70.45674152715803,41.82881393890228
2025-01-19 17:43:21.851000064,22.810482025146484,0.5218534469604492,-0.0872664600610733,3.5832154750823975,4.009021282196045,-70.45674196304645,41.82881362282098
2025-01-19 17:43:25.852999936,22.765216827392578,0.6091198921203613,-0.06806784123182297,3.58306884765625,3.8589229583740234,-70.45674266283822,41.82881288591898
2025-01-19 17:43:29.859000064,22.742584228515625,0.6702064275741577,-0.045378562062978745,3.582951545715332,3.71929669380188,-70.45674318096214,41.82881237044539
2025-01-19 17:43:33.860000000,22.403100967407227,0.6911503672599792,-0.04363323003053665,3.5828182697296143,3.56396222114563,-70.45674427820933,41.82880863470223
2025-01-19 17:43:37.867000064,22.652055740356445,0.7016223669052124,-0.05061454698443413,3.5828988552093506,3.4295718669891357,-70.45674468151329,41.82881097005318
2025-01-19 17:43:41.868999936,22.26730728149414,0.6928957104682922,-0.04712389037013054,3.5825743675231934,3.3231070041656494,-70.45674461380533,41.82880679012601
2025-01-19 17:43:45.875000064,22.584157943725586,0.6824237108230591,-0.06283185631036758,3.582689046859741,3.2410764694213867,-70.45674588645836,41.828809927013374
2025-01-19 17:43:49.876000000,22.380468368530273,0.689405083656311,-0.05585053563117981,3.5823023319244385,3.1677725315093994,-70.45674565349425,41.82880767184429
2025-01-19 17:43:53.879000064,22.584157943725586,0.7051129937171936,-0.05585053563117981,3.582292079925537,3.118903398513794,-70.45674694495837,41.828809413865855
2025-01-19 17:43:57.980000000,22.312572479248047,0.687659740447998,-0.05585053563117981,3.5819950103759766,3.075270175933838,-70.45674618469032,41.828806597341405
2025-01-19 17:44:01.980999936,22.26730728149414,0.638790488243103,-0.057595863938331604,3.5820295810699463,3.0455994606018066,-70.4567464033634,41.828805857064665
2025-01-19 17:44:05.984000000,21.882558822631836,0.5637413263320923,-0.054105207324028015,3.5819125175476074,3.0229103565216064,-70.45674424373868,41.828800912129616
2025-01-19 17:44:09.986000128,21.882558822631836,0.4956735074520111,-0.0593411959707737,3.582113027572632,2.9984755516052246,-70.45674467984496,41.82880059589024
2025-01-19 17:44:13.989000192,21.724132537841797,0.4433136284351349,-0.054105207324028015,3.5819647312164307,3.007202386856079,-70.45674378899808,41.82879801623279
2025-01-19 17:44:17.992000000,21.3846492767334,0.4380776286125183,-0.057595863938331604,3.581989049911499,3.007202386856079,-70.45674111592963,41.82879239588184
2025-01-19 17:44:21.992999936,20.864107131958008,0.48520153760910034,-0.05585053563117981,3.582244873046875,2.9845130443573,-70.45673700201952,41.828784771991636
2025-01-19 17:44:25.996000000,21.13569450378418,0.5235987901687622,-0.0593411959707737,3.5826568603515625,2.9949851036071777,-70.45673975195403,41.82878827634013
2025-01-19 17:44:30.000000000,20.52462387084961,0.516617476940155,-0.0593411959707737,3.5822179317474365,3.003711700439453,-70.45673533574252,41.82877975966728
2025-01-19 17:44:34.004000000,19.709861755371094,0.4991641640663147,-0.06283185631036758,3.5826926231384277,3.014183521270752,-70.45672923644888,41.82876807835343
2025-01-19 17:44:38.006000128,19.82302474975586,0.48345619440078735,-0.0593411959707737,3.5833961963653564,2.9914944171905518,-70.456730741558,41.82876951074642
2025-01-19 17:44:42.012000000,19.166688919067383,0.4660029113292694,-0.06457718461751938,3.583117723464966,2.9827675819396973,-70.45672507619308,41.828759440217965
2025-01-19 17:44:46.012999936,18.827205657958984,0.4764748811721802,-0.06632251292467117,3.583709239959717,3.0019662380218506,-70.45672265068065,41.82875431039362
2025-01-19 17:44:50.020000000,17.944547653198242,0.5044001340866089,-0.06981316953897476,3.5839219093322754,3.0264008045196533,-70.45671634862856,41.8287418704745
2025-01-19 17:44:54.020999936,17.740856170654297,0.5201081037521362,-0.06457718461751938,3.584662437438965,3.0892326831817627,-70.45671556945992,41.828738910226
2025-01-19 17:44:58.025000192,17.107152938842773,0.516617476940155,-0.06108652427792549,3.5847041606903076,3.1171579360961914,-70.4567122867833,41.82872970346713
2025-01-19 17:45:02.028000000,16.043437957763672,0.5218534469604492,-0.0593411959707737,3.5851781368255615,3.1607911586761475,-70.456707418514,41.82871444799163
2025-01-19 17:45:06.032999936,15.81711483001709,0.5270894169807434,-0.06108652427792549,3.586047410964966,3.192207098007202,-70.45670693233552,41.82871116125586
2025-01-19 17:45:10.035000064,14.911825180053711,0.5270894169807434,-0.06457718461751938,3.586102247238159,3.2480578422546387,-70.45670436091682,41.828697918605286
2025-01-19 17:45:14.040999936,13.983902931213379,0.5340707302093506,-0.06108652427792549,3.5868022441864014,3.281219005584717,-70.45670236705615,41.828684624554946
2025-01-19 17:45:18.043000064,13.667051315307617,0.5323254466056824,-0.06632251292467117,3.5874907970428467,3.321361541748047,-70.45670223342945,41.828680016722835
2025-01-19 17:45:22.048999936,12.648599624633789,0.5201081037521362,-0.06283185631036758,3.587620258331299,3.347541570663452,-70.45670121125045,41.82866474775183
2025-01-19 17:45:26.049999872,11.607516288757324,0.514872133731842,-0.06806784123182297,3.5884110927581787,3.378957509994507,-70.45670079754358,41.82864908471497
2025-01-19 17:45:30.056999936,11.041709899902344,0.5026548504829407,-0.04886921867728233,3.5892109870910645,3.3999013900756836,-70.4567010054695,41.828640427634475
2025-01-19 17:45:34.058000128,10.204317092895508,0.4974188506603241,-0.054105207324028015,3.5895769596099854,3.401646614074707,-70.4567011178992,41.82862716909429
2025-01-19 17:45:38.064000000,9.02743911743164,0.4956735074520111,-0.06632251292467117,3.5902152061462402,3.426081418991089,-70.45670169118587,41.828608938023535
2025-01-19 17:45:42.065999872,8.552162170410156,0.46774822473526,-0.07155849784612656,3.5911364555358887,3.4330625534057617,-70.45670225821445,41.828600919712216
2025-01-19 17:45:46.072000000,7.556343078613281,0.4450589716434479,-0.06981316953897476,3.5914502143859863,3.4382987022399902,-70.4567031044288,41.828583511652035
2025-01-19 17:45:50.073999872,6.967904567718506,0.42411500215530396,-0.06283185631036758,3.592303514480591,3.4365532398223877,-70.4567037676817,41.82857271158573
2025-01-19 17:45:54.080000000,5.926821231842041,0.41887903213500977,-0.06981316953897476,3.592768669128418,3.445279836654663,-70.45670483677651,41.82855340580485
2025-01-19 17:45:58.082000128,5.293118000030518,0.4118976891040802,-0.0593411959707737,3.593707799911499,3.4574973583221436,-70.45670585102313,41.828541454572424
2025-01-19 17:46:02.083000064,4.591517925262451,0.40142571926116943,-0.06283185631036758,3.594223976135254,3.4574973583221436,-70.45670694420127,41.82852791062313
2025-01-19 17:46:06.085999872,3.6635959148406982,0.39269909262657166,-0.07330382615327835,3.594822645187378,3.4766957759857178,-70.45670873516127,41.82850962650257
2025-01-19 17:46:10.088000000,3.029892683029175,0.3804817795753479,-0.07155849784612656,3.5956709384918213,3.4819319248199463,-70.45671020324299,41.82849678997263
2025-01-19 17:46:14.094000128,1.332473874092102,0.37000980973243713,-0.10122909396886826,3.596214771270752,3.5081117153167725,-70.45671318689679,41.828475931057135
2025-01-19 17:46:19.413000192,1.332473874092102,0.3652218700908633,-0.1010929441032364,3.596214771270752,3.539585045101806,-70.45671203114966,41.828460769389274
2025-01-19 17:46:23.415000064,0.40455150604248047,0.36161943848136663,-0.10099050534746719,3.596214771270752,3.563265485241283,-70.45671116156896,41.82844936179527
2025-01-19 17:46:35.424000000,0.20086124539375305,0.3508094427311937,-0.10068311227674268,3.596214771270752,3.634324560060399,-70.45670855217486,41.828415130460414
2025-01-19 17:46:43.430000128,0.20086124539375305,0.3436027788977451,-0.10047818356292634,3.596214771270752,3.6816972766064757,-70.45670681257879,41.82839230957051
2025-01-19 17:46:47.432000000,0.20086124539375305,0.3400003472882484,-0.10037574480715712,3.596214771270752,3.7053777167459527,-70.45670594299807,41.82838090197651
2025-01-19 17:46:51.436999936,0.17822898924350739,0.3363952149716831,-0.10027322925407382,3.596214771270752,3.7290759098753554,-70.45670507276544,41.82836948583034
2025-01-19 17:46:55.438999808,0.20086124539375305,0.3327927833621865,-0.1001707904983046,3.596214771270752,3.7527563500148324,-70.45670420318473,41.828358078236334
2025-01-19 17:47:03.450000128,0.20086124539375305,0.32558161863644264,-0.09996573379710182,3.596214771270752,3.800158652996441,-70.4567033333867,41.828333334458044
2025-01-19 17:47:07.453999872,0.20086124539375305,0.321977386627105,-0.09986324384515746,3.596214771270752,3.8238509279922823,-70.45670166672004,41.82832166779138
2025-01-19 17:47:11.456000000,0.22349348664283752,0.318374954802994,-0.09976080508328548,3.596214771270752,3.8475313695425184,-70.45670000005336,41.82831166779139
2025-01-19 17:47:15.461999872,0.20086124539375305,0.31476892260842976,-0.09965826394126877,3.596214771270752,3.8712354779839653,-70.45669994310934,41.828303714611145
2025-01-19 17:53:07.211000064,0.20086124539375305,0.001745329238474369,-0.19896753132343292,3.596214771270752,5.920156955718994,-70.4566933333867,41.82760500112469
2025-01-19 17:57:43.003000064,0.17822898924350739,-0.8656833171844482,-0.04188790172338486,3.596214771270752,0.22340214252471924,-70.4566433333867,41.827191667791325
2025-01-19 17:57:47.006000128,0.7666675448417664,-0.9913470149040222,-0.0890117883682251,3.596214771270752,0.19896753132343292,-70.45663666672003,41.827186667791345
2025-01-19 17:57:51.012000000,1.6040608882904053,-0.9669123888015747,-0.13089969754219055,3.596214771270752,0.13613568246364594,-70.45664000005335,41.82718000112465
2025-01-19 17:57:55.012999936,3.029892683029175,-0.8988445401191711,-0.05061454698443413,3.596214771270752,0.08377580344676971,-70.4566428626159,41.82718889059829
2025-01-19 17:57:59.016999936,3.731492519378662,-0.8866272568702698,-0.12042772024869919,3.596214771270752,0.16406095027923584,-70.45664434824663,41.82719465052536
2025-01-19 17:58:04.212999936,5.745762825012207,-0.8307767510414124,-0.09250245243310928,3.596214771270752,0.4345869719982147,-70.45664220273434,41.82720620913055
2025-01-19 17:58:08.219000064,6.967904567718506,-0.7033677101135254,-0.04188790172338486,3.596214771270752,0.6527531147003174,-70.456636542357,41.82721724003545
2025-01-19 17:58:12.223000064,8.099516868591309,-0.638790488243103,-0.03316125646233559,3.596214771270752,0.8395033478736877,-70.45662768826648,41.82722775351302
2025-01-19 17:58:16.227000064,9.14060115814209,-0.5462880730628967,-0.054105207324028015,3.596214771270752,1.0053097009658813,-70.45661530663057,41.82723800717075
2025-01-19 17:58:20.229000192,9.774303436279297,-0.4380776286125183,-0.04014257341623306,3.596214771270752,1.1641346216201782,-70.45660408744803,41.82724461321504
2025-01-19 17:58:24.234999808,10.430639266967773,-0.3560471534729004,-0.024434609338641167,3.596214771270752,1.2915436029434204,-70.45658880236475,41.82725143799019
2025-01-19 17:58:28.236999936,11.109606742858887,-0.28099802136421204,-0.027925267815589905,3.596214771270752,1.3927727937698364,-70.45656819487185,41.82725866346629
2025-01-19 17:58:32.239000064,11.562252044677734,-0.21816615760326385,-0.03490658476948738,3.596214771270752,1.4608405828475952,-70.45654675387176,41.82726475203743
2025-01-19 17:58:37.384000000,12.6033353805542,-0.16231562197208405,-0.03141592815518379,3.596214771270752,1.5585789680480957,-70.45653284430037,41.82726746298542
2025-01-19 17:58:41.390000128,12.829657554626465,-0.12915436923503876,-0.03490658476948738,3.596214771270752,1.619665503501892,-70.45652645117444,41.82726815850251
2025-01-19 17:58:45.396000000,12.852290153503418,-0.15882496535778046,-0.03839724510908127,3.596214771270752,1.6947146654129028,-70.45652685129899,41.82726764886403
2025-01-19 17:58:49.548000000,13.21440601348877,-0.4764748811721802,-0.07330382615327835,3.596214771270752,1.7784905433654785,-70.45651990514622,41.827267546090496
2025-01-19 17:58:53.571000064,13.576521873474121,-0.8482300043106079,-0.11344639956951141,3.596214771270752,1.8552850484848022,-70.45651671874855,41.82726703978516
2025-01-19 17:58:57.573999872,15.364470481872559,-1.0000736713409424,-0.12391837686300278,3.596214771270752,1.9914206266403198,-70.45650437075064,41.82726518849501
2025-01-19 17:59:01.576000000,16.29239273071289,-1.029744267463684,-0.14137166738510132,3.596214771270752,2.1432642936706543,-70.45649880460365,41.82726335081076
2025-01-19 17:59:05.580000000,18.28403091430664,-0.9983283281326294,-0.15882496535778046,3.596214771270752,2.3177971839904785,-70.45648605121461,41.82725788960703
2025-01-19 17:59:09.583000064,19.347745895385742,-0.9791297316551208,-0.13613568246364594,3.596214771270752,2.4836034774780273,-70.45647989472761,41.82725379968435
2025-01-19 17:59:13.594000128,20.728313446044922,-0.8639379739761353,-0.05235987901687622,3.596214771270752,2.572615385055542,-70.45647006620692,41.82724656658056
2025-01-19 17:59:17.599000064,20.728313446044922,-0.6161012053489685,-0.0593411959707737,3.596214771270752,2.5638887882232666,-70.45647045178355,41.82724607547235
2025-01-19 17:59:21.600000000,21.13569450378418,-0.5358160734176636,-0.05235987901687622,3.596214771270752,2.555161952972412,-70.45646511598734,41.82724193872321
2025-01-19 17:59:25.604000000,21.29412078857422,-0.471238911151886,-0.03839724510908127,3.596214771270752,2.5377087593078613,-70.45646307101353,41.827239953017624
2025-01-19 17:59:29.611000064,21.792030334472656,-0.2897246479988098,-0.05061454698443413,3.596214771270752,2.504547357559204,-70.45645034895051,41.82723193139236
2025-01-19 17:59:33.612999936,21.927824020385742,-0.15358898043632507,-0.04363323003053665,3.596214771270752,2.4556782245635986,-70.45644110447753,41.8272264475268
2025-01-19 17:59:37.616000000,22.289939880371094,-0.04363323003053665,-0.05061454698443413,3.596214771270752,2.399827718734741,-70.45643683225765,41.82722381932438
2025-01-19 17:59:41.619000064,22.040985107421875,-0.001745329238474369,-0.05235987901687622,3.596214771270752,2.356194496154785,-70.4564372178344,41.827223328216284
2025-01-19 17:59:45.625999872,22.312572479248047,0.0,-0.03316125646233559,3.596214771270752,2.323033332824707,-70.45643760341115,41.8272228371082
2025-01-19 17:59:49.704000000,22.131513595581055,-0.001745329238474369,-0.008726646192371845,3.596214771270752,2.316051959991455,-70.45643799072211,41.82722234379123
2025-01-19 17:59:53.704999936,22.312572479248047,0.008726646192371845,-0.003490658476948738,3.596214771270752,2.3352506160736084,-70.45643837995999,41.82722184801992
2025-01-19 17:59:57.708000000,22.1088809967041,0.05235987901687622,-0.02617993950843811,3.596214771270752,2.3788838386535645,-70.45643876659655,41.827221355561946
2025-01-19 18:00:01.710000128,22.335203170776367,0.12217304855585098,-0.054105207324028015,3.596214771270752,2.434734344482422,-70.45643915207691,41.82722086457657
2025-01-19 18:00:05.711000064,22.1088809967041,0.21816615760326385,-0.04886921867728233,3.596214771270752,2.474876880645752,-70.45643246358254,41.82721655326122
2025-01-19 18:00:09.716000000,22.380468368530273,0.33859387040138245,-0.06806784123182297,3.596214771270752,2.5499260425567627,-70.45643995057391,41.82722053937491
2025-01-19 18:00:13.720000000,22.403100967407227,0.45902159810066223,-0.05585053563117981,3.596214771270752,2.649409770965576,-70.4564407163405,41.827220341171945
2025-01-19 18:00:17.727000064,22.244674682617188,0.5532693862915039,-0.03490658476948738,3.596214771270752,2.7523841857910156,-70.45643943751833,41.82721827214914
2025-01-19 18:00:21.732000000,22.289939880371094,0.6161012053489685,-0.02094395086169243,3.596214771270752,2.8274333477020264,-70.45644025308626,41.82721825836278
2025-01-19 18:00:25.732999936,21.99571990966797,0.6352998614311218,-0.027925267815589905,3.596214771270752,2.953097105026245,-70.45643868321356,41.8272148682549
2025-01-19 18:00:29.736999936,22.26730728149414,0.6667158007621765,-0.07504915446043015,3.596214771270752,3.003711700439453,-70.4564407677021,41.82721724879311
2025-01-19 18:00:33.743000064,21.927824020385742,0.6754423975944519,-0.06981316953897476,3.596214771270752,3.0700342655181885,-70.45643953742157,41.82721344997787
2025-01-19 18:00:37.746000128,22.244674682617188,0.7068583369255066,-0.045378562062978745,3.596214771270752,3.125884771347046,-70.45644121998588,41.827216157515934
2025-01-19 18:00:41.749000192,21.927824020385742,0.7243116497993469,-0.07504915446043015,3.596214771270752,3.1887166500091553,-70.4564406993422,41.827212793109844
2025-01-19 18:00:45.752000000,22.19940948486328,0.7260569930076599,-0.057595863938331604,3.596214771270752,3.230604410171509,-70.4564417866468,41.82721503538414
2025-01-19 18:00:49.757999872,21.83729362487793,0.6981316804885864,-0.04712389037013054,3.596214771270752,3.2550389766693115,-70.45644137912157,41.82721098855644
2025-01-19 18:00:53.763000064,21.81466293334961,0.6457718014717102,-0.06108652427792549,3.596214771270752,3.274237632751465,-70.45644172207554,41.827210281424655
2025-01-19 18:00:57.765000192,21.452545166015625,0.5724679827690125,-0.054105207324028015,3.596214771270752,3.2759830951690674,-70.45644121964834,41.82720522094044
2025-01-19 18:01:01.768000000,21.678869247436523,0.513126790523529,-0.05585053563117981,3.596214771270752,3.281219005584717,-70.45644226723587,41.827208267086796
2025-01-19 18:01:05.773999872,21.362016677856445,0.4625122547149658,-0.05585053563117981,3.596214771270752,3.281219005584717,-70.45644171454153,41.82720276441907
2025-01-19 18:01:09.776000000,20.79621124267578,0.46076691150665283,-0.05585053563117981,3.596214771270752,3.2916910648345947,-70.45644049395491,41.827192986637165
2025-01-19 18:01:13.780000000,20.97726821899414,0.4729842245578766,-0.06108652427792549,3.596214771270752,3.307399034500122,-70.45644135491098,41.82719563014372
2025-01-19 18:01:17.785000192,20.52462387084961,0.4625122547149658,-0.057595863938331604,3.596214771270752,3.317870855331421,-70.45644072832766,41.82718777734158
2025-01-19 18:01:21.792000000,20.026714324951172,0.45553094148635864,-0.0593411959707737,3.596214771270752,3.337069511413574,-70.45644020115824,41.82717910737101
2025-01-19 18:01:25.796000000,19.551437377929688,0.46774822473526,-0.057595863938331604,3.596214771270752,3.3457961082458496,-70.45643983618145,41.82717110003059
2025-01-19 18:01:29.798000128,19.438276290893555,0.4729842245578766,-0.06283185631036758,3.596214771270752,3.337069511413574,-70.45644004255,41.827169003090084
2025-01-19 18:01:33.802000128,18.872468948364258,0.4660029113292694,-0.06283185631036758,3.596214771270752,3.337069511413574,-70.45643939944252,41.827159295213114
2025-01-19 18:01:37.808000000,18.351926803588867,0.4660029113292694,-0.07155849784612656,3.596214771270752,3.3876841068267822,-70.45643941845442,41.82715041289757
2025-01-19 18:01:41.809999872,17.85401725769043,0.4921828508377075,-0.06632251292467117,3.596214771270752,3.4505159854888916,-70.4564401067273,41.82714241983078
2025-01-19 18:01:45.813999872,17.627695083618164,0.5009095072746277,-0.06108652427792549,3.596214771270752,3.5011305809020996,-70.45644084329567,41.8271386853382
2025-01-19 18:01:49.816999936,16.790302276611328,0.4956735074520111,-0.06283185631036758,3.596214771270752,3.5447638034820557,-70.45644337793837,41.827125341178665
2025-01-19 18:01:53.824000000,15.907644271850586,0.4991641640663147,-0.06283185631036758,3.596214771270752,3.590142250061035,-70.45644679302788,41.82711163361118
2025-01-19 18:01:57.828000000,15.703953742980957,0.5044001340866089,-0.06632251292467117,3.596214771270752,3.640756845474243,-70.4564480134233,41.827108355622265
2025-01-19 18:02:01.829999872,14.911825180053711,0.4991641640663147,-0.06806784123182297,3.596214771270752,3.7000980377197266,-70.45645288599177,41.82709618261265
2025-01-19 18:02:05.832999936,14.006535530090332,0.5061454772949219,-0.06457718461751938,3.596214771270752,3.75943922996521,-70.45645930592256,41.827082895339
2025-01-19 18:02:09.839000064,13.73494815826416,0.5096361637115479,-0.06632251292467117,3.596214771270752,3.8240163326263428,-70.45646170605002,41.82707887650704
2025-01-19 18:02:13.841000192,12.761761665344238,0.5009095072746277,-0.06632251292467117,3.596214771270752,3.8798668384552,-70.45647094617185,41.827065002090514
2025-01-19 18:02:17.844999936,11.83383846282959,0.5009095072746277,-0.06806784123182297,3.596214771270752,3.951425313949585,-70.45648085482233,41.82705238435995
2025-01-19 18:02:21.848000000,11.471722602844238,0.4939281642436981,-0.06632251292467117,3.596214771270752,4.019493103027344,-70.45648528988195,41.82704745795172
2025-01-19 18:02:25.855000064,10.56643295288086,0.48345619440078735,-0.06108652427792549,3.596214771270752,4.105014324188232,-70.4564977181812,41.82703593397368
2025-01-19 18:02:29.859000064,9.79693603515625,0.47996553778648376,-0.06457718461751938,3.596214771270752,4.188790321350098,-70.45650952859981,41.827026602863086
2025-01-19 18:02:33.860999936,8.98217487335205,0.471238911151886,-0.06108652427792549,3.596214771270752,4.256857872009277,-70.45652297199165,41.827017295795876
2025-01-19 18:02:37.864999936,8.122149467468262,0.4398229718208313,-0.06806784123182297,3.596214771270752,4.317944526672363,-70.45653894058202,41.82700750993652
2025-01-19 18:02:41.871000064,7.556343078613281,0.406661719083786,-0.07155849784612656,3.596214771270752,4.382521629333496,-70.45655081692351,41.82700102956742
2025-01-19 18:02:45.874000128,6.718949794769287,0.39095374941825867,-0.08028514683246613,3.596214771270752,4.454080104827881,-70.45656987408596,41.82699222281769
2025-01-19 18:02:49.878000128,5.881556510925293,0.4415683150291443,-0.07504915446043015,3.596214771270752,4.530874729156494,-70.45658936584482,41.82698460800498
2025-01-19 18:02:54.329999872,5.293118000030518,0.7417649030685425,-0.05585053563117981,3.596214771270752,4.7315874099731445,-70.45659617719404,41.82698283908183
2025-01-19 18:02:58.348999936,3.754124879837036,0.9773843884468079,-0.027925267815589905,3.596214771270752,4.963716506958008,-70.45660834259448,41.8269821063738
2025-01-19 18:03:02.352000000,2.4414541721343994,1.0768681764602661,0.03316125646233559,3.596214771270752,5.216789245605469,-70.45661612286942,41.826982885037886
2025-01-19 18:03:06.354000128,0.5177127718925476,0.76619952917099,-0.019198622554540634,3.596214771270752,5.1871185302734375,-70.45663931783336,41.82698578063572
2025-01-19 18:03:10.357000192,0.13296447694301605,0.4415683150291443,-0.05061454698443413,3.596214771270752,5.235987663269043,-70.45664961475242,41.826987043815734
2025-01-19 18:03:15.061000192,0.20086124539375305,0.1762782484292984,-0.11344639956951141,3.596214771270752,5.0963616371154785,-70.45665855246212,41.82698722848768
2025-01-19 18:04:59.414000128,0.17822898924350739,-0.7452555894851685,-0.07330382615327835,3.596214771270752,0.6161012053489685,-70.45673970379092,41.82691096397704
2025-01-19 18:05:03.416000000,0.42718374729156494,-0.9023352265357971,-0.04363323003053665,3.596214771270752,0.5916666388511658,-70.45673666672003,41.82690000112463
2025-01-19 18:05:07.420999936,1.1287835836410522,-0.984365701675415,-0.0872664600610733,3.596214771270752,0.6265732049942017,-70.45673333338668,41.82689166779131
2025-01-19 18:05:11.424000000,1.898280143737793,-0.9442231059074402,-0.09599310904741287,3.596214771270752,0.6806784272193909,-70.45673166672002,41.82688333445799
2025-01-19 18:05:15.426000128,3.2335829734802246,-0.9180431962013245,-0.024434609338641167,3.596214771270752,0.7888888120651245,-70.4567264505957,41.826890331394374
2025-01-19 18:05:19.431000064,4.2520341873168945,-0.8709192872047424,-0.0872664600610733,3.596214771270752,0.9442231059074402,-70.45671900707345,41.82689726397928
2025-01-19 18:05:24.628999936,5.519440650939941,-0.7120943069458008,-0.05061454698443413,3.596214771270752,1.1833332777023315,-70.45670920162019,41.8269027650478
2025-01-19 18:05:28.632999936,6.583156585693359,-0.6038839221000671,-0.04712389037013054,3.596214771270752,1.3037610054016113,-70.45669464427098,41.82690906189082
2025-01-19 18:05:32.636000000,7.624239921569824,-0.5270894169807434,-0.04363323003053665,3.596214771270752,1.4329153299331665,-70.45667673318606,41.826914627017956
2025-01-19 18:05:36.640999936,8.280574798583984,-0.4747295677661896,-0.05061454698443413,3.596214771270752,1.5446163415908813,-70.45666360822663,41.82691731655661
2025-01-19 18:05:40.644999936,9.163232803344727,-0.4328416585922241,-0.04014257341623306,3.596214771270752,1.6563174724578857,-70.45664357871698,41.82691981332502
2025-01-19 18:05:44.648999936,9.819568634033203,-0.39968040585517883,-0.04014257341623306,3.596214771270752,1.7243852615356445,-70.45662749895632,41.82692087177816
2025-01-19 18:05:48.652000000,10.56643295288086,-0.3787364363670349,-0.04188790172338486,3.596214771270752,1.7941985130310059,-70.45660238409845,41.82692130192496
2025-01-19 18:05:53.796999936,11.947000503540039,-0.27227136492729187,-0.05235987901687622,3.596214771270752,1.874483585357666,-70.45656475808154,41.826920101949995
2025-01-19 18:05:57.804000000,12.444910049438477,-0.09424778074026108,-0.03490658476948738,3.596214771270752,1.9128808975219727,-70.4565518018941,41.82691897815543
2025-01-19 18:06:01.806999808,12.648599624633789,0.06108652427792549,-0.04712389037013054,3.596214771270752,1.9477874040603638,-70.45654820633266,41.82691819371392
2025-01-19 18:06:05.808999936,12.331748008728027,0.14137166738510132,-0.04363323003053665,3.596214771270752,1.9809486865997314,-70.45654859181043,41.82691770272816
2025-01-19 18:06:09.812000000,12.241219520568848,-0.09948376566171646,-0.06283185631036758,3.596214771270752,2.0612337589263916,-70.45654897728822,41.82691721174245
2025-01-19 18:06:13.816000000,12.648599624633789,-0.6213372349739075,-0.09075712412595749,3.596214771270752,2.1327922344207764,-70.45654320649416,41.82691537835641
2025-01-19 18:06:17.836000000,13.327567100524902,-0.9564404487609863,-0.10646508634090424,3.596214771270752,2.1973695755004883,-70.4565385177992,41.82691351122749
2025-01-19 18:06:21.836999936,14.889192581176758,-1.0506882667541504,-0.12217304855585098,3.596214771270752,2.3212878704071045,-70.4565300714942,41.8269096501409
2025-01-19 18:06:25.841000192,16.1113338470459,-1.0559241771697998,-0.1483529806137085,3.596214771270752,2.4469516277313232,-70.45652423027606,41.82690599068662
2025-01-19 18:06:29.848000000,17.786121368408203,-1.0210176706314087,-0.15358898043632507,3.596214771270752,2.56563401222229,-70.45651582537445,41.82689977857863
2025-01-19 18:06:33.848999936,19.370378494262695,-0.9756390452384949,-0.1466076523065567,3.596214771270752,2.6947884559631348,-70.45650801826848,41.826892371979646
2025-01-19 18:06:37.884999936,20.36619758605957,-0.9948377013206482,-0.116937056183815,3.596214771270752,2.8466320037841797,-70.45650447688665,41.82688733595986
2025-01-19 18:06:41.888000000,20.773578643798828,-0.7819074988365173,-0.03490658476948738,3.596214771270752,2.797762870788574,-70.45650216057557,41.82688402976185
2025-01-19 18:06:45.895000064,20.750946044921875,-0.6841690540313721,-0.04712389037013054,3.596214771270752,2.7803094387054443,-70.45650274553803,41.82688373893881
2025-01-19 18:06:49.898999808,21.248855590820312,-0.5497786998748779,-0.045378562062978745,3.596214771270752,2.7262043952941895,-70.45649738604565,41.826878085139306
2025-01-19 18:06:53.900999936,21.339384078979492,-0.42236968874931335,-0.05061454698443413,3.596214771270752,2.673844337463379,-70.45649649877195,41.82687656490434
2025-01-19 18:06:58.525000192,21.950454711914062,-0.2635447084903717,-0.054105207324028015,3.596214771270752,2.609267234802246,-70.4564827456264,41.82686599894925
2025-01-19 18:07:02.527000064,21.882558822631836,-0.1466076523065567,-0.045378562062978745,3.596214771270752,2.555161952972412,-70.45647332453335,41.826859195508554
2025-01-19 18:07:06.528999936,22.470996856689453,-0.036651913076639175,-0.054105207324028015,3.596214771270752,2.4836034774780273,-70.45646926429986,41.826856243743094
2025-01-19 18:07:10.532000000,21.973087310791016,0.024434609338641167,-0.027925267815589905,3.596214771270752,2.4190263748168945,-70.45646965180113,41.8268557501806
2025-01-19 18:07:14.533999872,22.312572479248047,0.027925267815589905,0.005235987715423107,3.596214771270752,2.3649210929870605,-70.45647003776088,41.826855258581524
2025-01-19 18:07:18.540999936,22.08624839782715,0.015707964077591896,-0.057595863938331604,3.596214771270752,2.380629062652588,-70.45647042333525,41.82685476747335
2025-01-19 18:07:22.544000000,22.335203170776367,0.04712389037013054,-0.006981316953897476,3.596214771270752,2.3823745250701904,-70.4564708089096,41.82685427636514
2025-01-19 18:07:26.546000128,22.154146194458008,0.10995574295520782,-0.045378562062978745,3.596214771270752,2.424262285232544,-70.45647119458029,41.826853785134226
2025-01-19 18:07:30.551000064,22.289939880371094,0.19722220301628113,-0.05235987901687622,3.596214771270752,2.464404821395874,-70.45647157996194,41.826853294271466
2025-01-19 18:07:34.556000000,22.380468368530273,0.30892327427864075,-0.04188790172338486,3.596214771270752,2.5202553272247314,-70.45647461390584,41.82685437477827
2025-01-19 18:07:38.558000128,22.26730728149414,0.4171336889266968,-0.06283185631036758,3.596214771270752,2.6075220108032227,-70.45647321745582,41.826852622169284
2025-01-19 18:07:42.561000192,22.26730728149414,0.516617476940155,-0.06981316953897476,3.596214771270752,2.6720991134643555,-70.45647360303015,41.826852131061074
2025-01-19 18:07:46.564999936,22.244674682617188,0.6073746085166931,-0.010471975430846214,3.596214771270752,2.727949619293213,-70.456473789003,41.826851460156334
2025-01-19 18:07:50.572000000,22.244674682617188,0.6562438011169434,-0.01745329238474369,3.596214771270752,2.8204519748687744,-70.45647417457731,41.82685096904811
2025-01-19 18:07:54.576999936,21.90519142150879,0.687659740447998,-0.03141592815518379,3.596214771270752,2.902482509613037,-70.4564722831486,41.826847488641924
2025-01-19 18:07:58.581000192,22.244674682617188,0.6963863968849182,-0.04363323003053665,3.596214771270752,2.96705961227417,-70.45647480948305,41.82685028461334
2025-01-19 18:08:02.583000064,21.927824020385742,0.6963863968849182,-0.04188790172338486,3.596214771270752,3.0333821773529053,-70.4564736050427,41.82684687516374
2025-01-19 18:08:06.588999936,22.222042083740234,0.689405083656311,-0.054105207324028015,3.596214771270752,3.0927233695983887,-70.45647537241175,41.826849424962305
2025-01-19 18:08:10.591000064,21.882558822631836,0.6614797711372375,-0.05585053563117981,3.596214771270752,3.148573875427246,-70.45647447122448,41.82684548014361
2025-01-19 18:08:14.595000064,22.018352508544922,0.6143559217453003,-0.054105207324028015,3.596214771270752,3.1939525604248047,-70.45647538206305,41.82684669507095
2025-01-19 18:08:18.598000128,21.520442962646484,0.5515240430831909,-0.057595863938331604,3.596214771270752,3.235840320587158,-70.45647412541287,41.82683962292052
2025-01-19 18:08:22.604000000,21.633604049682617,0.48694685101509094,-0.05585053563117981,3.596214771270752,3.2620203495025635,-70.45647491639326,41.826841030972766
2025-01-19 18:08:26.608999936,21.610971450805664,0.44854962825775146,-0.05585053563117981,3.596214771270752,3.30041766166687,-70.45647524969766,41.82684021544104
2025-01-19 18:08:30.611000064,20.88673973083496,0.4642575681209564,-0.054105207324028015,3.596214771270752,3.3335788249969482,-70.45647424907624,41.826827806021356
2025-01-19 18:08:34.612999936,21.113061904907227,0.48869219422340393,-0.06108652427792549,3.596214771270752,3.358013391494751,-70.45647495069163,41.826831104833154
2025-01-19 18:08:38.619000064,20.547256469726562,0.48869219422340393,-0.0593411959707737,3.596214771270752,3.368485450744629,-70.45647472641186,41.82682182613588
2025-01-19 18:08:42.620999936,19.981449127197266,0.47996553778648376,-0.06457718461751938,3.596214771270752,3.3964107036590576,-70.45647482855215,41.82681238273899
2025-01-19 18:08:46.656000000,19.981449127197266,0.48171088099479675,-0.06632251292467117,3.596214771270752,3.4330625534057617,-70.45647521402988,41.82681189175351
2025-01-19 18:08:50.658999808,19.460906982421875,0.471238911151886,-0.0593411959707737,3.596214771270752,3.4906585216522217,-70.4564763794801,41.82680311740197
2025-01-19 18:08:54.664999936,18.759307861328125,0.48171088099479675,-0.054105207324028015,3.596214771270752,3.5691983699798584,-70.45647892841983,41.82679183619198
2025-01-19 18:08:58.668999936,18.827205657958984,0.48345619440078735,-0.06283185631036758,3.596214771270752,3.654719352722168,-70.45647895239314,41.826792477849786
2025-01-19 18:09:02.671000064,18.057708740234375,0.4625122547149658,-0.057595863938331604,3.596214771270752,3.705333948135376,-70.45648414337649,41.826779718190934
2025-01-19 18:09:06.675000064,17.60506248474121,0.469493567943573,-0.06108652427792549,3.596214771270752,3.7542033195495605,-70.4564876878574,41.8267724148778
2025-01-19 18:09:10.680999936,16.90346336364746,0.4939281642436981,-0.06283185631036758,3.596214771270752,3.792600393295288,-70.45649317847614,41.82676214466293
2025-01-19 18:09:14.683000064,16.47344970703125,0.5061454772949219,-0.06632251292467117,3.596214771270752,3.8344883918762207,-70.45649706248487,41.826755701310006
2025-01-19 18:09:18.703000064,15.749218940734863,0.5026548504829407,-0.06283185631036758,3.596214771270752,3.876376152038574,-70.45650383279015,41.826745474498544
2025-01-19 18:09:22.704999936,14.776031494140625,0.5078908205032349,-0.07330382615327835,3.596214771270752,3.9322268962860107,-70.45651374930122,41.826732295021536
2025-01-19 18:09:26.711000064,14.54970932006836,0.514872133731842,-0.06457718461751938,3.596214771270752,3.9863319396972656,-70.45651637585631,41.826729165630894
2025-01-19 18:09:30.716000000,13.73494815826416,0.5044001340866089,-0.07155849784612656,3.596214771270752,4.042182445526123,-70.45652638741468,41.82671862854395
2025-01-19 18:09:34.716999936,12.784393310546875,0.5183627605438232,-0.06457718461751938,3.596214771270752,4.0980329513549805,-70.45653842580602,41.82670730825941
2025-01-19 18:09:38.720999936,12.331748008728027,0.513126790523529,-0.06981316953897476,3.596214771270752,4.153883457183838,-70.45654463089524,41.82670198783832
2025-01-19 18:09:42.728000000,11.494355201721191,0.49043750762939453,-0.06108652427792549,3.596214771270752,4.230678081512451,-70.4565575676281,41.82669256586583
2025-01-19 18:09:46.730000128,10.679594039916992,0.49043750762939453,-0.06283185631036758,3.596214771270752,4.310963153839111,-70.45657120572554,41.82668405612051
2025-01-19 18:09:50.732999936,9.819568634033203,0.4747295677661896,-0.07504915446043015,3.596214771270752,4.375540256500244,-70.45658663900333,41.82667560451205
2025-01-19 18:09:54.736000000,9.117968559265137,0.43109631538391113,-0.06283185631036758,3.596214771270752,4.424409866333008,-70.45660095613957,41.826668482385564
2025-01-19 18:09:58.743000064,8.212678909301758,0.39968040585517883,-0.07155849784612656,3.596214771270752,4.469788074493408,-70.45662133223144,41.82665940339131
2025-01-19 18:10:02.747000064,7.601607799530029,0.3874630928039551,-0.07679449021816254,3.596214771270752,4.5465826988220215,-70.45663605281129,41.82665380481365
2025-01-19 18:10:06.750000128,6.990536689758301,0.3787364363670349,-0.06632251292467117,3.596214771270752,4.6373395919799805,-70.45665164929966,41.82664911152883
2025-01-19 18:10:10.756999936,6.062614440917969,0.42236968874931335,-0.0593411959707737,3.596214771270752,4.747295379638672,-70.45667357997688,41.82664461106171
2025-01-19 18:10:14.760000000,5.451543807983398,0.6754423975944519,-0.03839724510908127,3.596214771270752,4.885176658630371,-70.45668255388877,41.82664343680005
2025-01-19 18:10:18.763000064,4.568885803222656,0.9965829849243164,-0.005235987715423107,3.596214771270752,5.126031875610352,-70.45668940198907,41.82664359981924
2025-01-19 18:10:22.779000064,2.622512102127075,1.1588985919952393,0.013962633907794952,3.596214771270752,5.356415271759033,-70.4566976936355,41.82664537032706
2025-01-19 18:10:26.782000128,1.2419447898864746,1.0943214893341064,0.2932153046131134,3.596214771270752,5.8311448097229,-70.45670313239907,41.8266490960161
2025-01-19 18:10:30.869999872,0.42718374729156494,0.1500983089208603,-0.057595863938331604,3.596214771270752,5.420992851257324,-70.45671134169267,41.82665128461934
2025-01-19 18:10:34.872000000,0.4498160183429718,0.4171336889266968,-0.08028514683246613,3.596214771270752,5.417501926422119,-70.45671115750694,41.82665059279349
2025-01-19 18:10:38.874000128,0.6082417964935303,0.4764748811721802,-0.04712389037013054,3.596214771270752,5.405284881591797,-70.45670815146819,41.82664898522901
2025-01-19 18:10:42.875000064,0.15559673309326172,0.21642082929611206,-0.06457718461751938,3.596214771270752,5.375614166259766,-70.45672574071227,41.826653700077806
2025-01-19 18:10:46.878000128,0.04243547096848488,0.2076941877603531,-0.13439035415649414,3.596214771270752,5.302310466766357,-70.45673010381158,41.82665416591393
2025-01-19 18:12:10.951000064,0.20086124539375305,-0.8168140649795532,-0.06806784123182297,3.596214771270752,0.8220500946044922,-70.4568083333867,41.82660333445797
2025-01-19 18:12:14.954999808,0.6308740377426147,-0.8988445401191711,-0.04886921867728233,3.596214771270752,0.9669123888015747,-70.45681166672003,41.82659833445798
2025-01-19 18:12:18.956999936,1.3098416328430176,-0.8674286603927612,-0.04363323003053665,3.596214771270752,0.9581857323646545,-70.45680790627327,41.8266016825783
2025-01-19 18:12:22.959000064,2.0340735912323,-0.8447393774986267,-0.04363323003053665,3.596214771270752,1.0157816410064697,-70.45681500005337,41.82659333445796
2025-01-19 18:12:26.964000000,2.961996078491211,-0.8691739439964294,-0.04188790172338486,3.596214771270752,1.1222467422485352,-70.45680866125483,41.82659732002835
2025-01-19 18:12:30.969000192,4.070976257324219,-0.8621926307678223,-0.07504915446043015,3.596214771270752,1.275835633277893,-70.4567972764321,41.82660243093293
2025-01-19 18:12:36.116000000,5.179956912994385,-0.6806784272193909,-0.05235987901687622,3.596214771270752,1.4364060163497925,-70.45678663996635,41.826605553994355
2025-01-19 18:12:40.120999936,6.085247039794922,-0.5637413263320923,-0.04188790172338486,3.596214771270752,1.5446163415908813,-70.45677168313956,41.82660867492229
2025-01-19 18:12:44.124999936,7.103698253631592,-0.47996553778648376,-0.05061454698443413,3.596214771270752,1.6458455324172974,-70.45675087495566,41.82661145840575
2025-01-19 18:12:48.128000000,7.624239921569824,-0.42935100197792053,-0.05061454698443413,3.596214771270752,1.7488199472427368,-70.4567389680785,41.826611896603374
2025-01-19 18:12:52.132000000,8.303207397460938,-0.36477380990982056,-0.03839724510908127,3.596214771270752,1.8133970499038696,-70.45671814296762,41.8266119137644
2025-01-19 18:12:56.683000064,9.23112964630127,-0.24958208203315735,-0.03141592815518379,3.596214771270752,1.8989182710647583,-70.45668729847362,41.82661026872957
2025-01-19 18:13:00.686000128,9.819568634033203,0.0,-0.04363323003053665,3.596214771270752,1.923352837562561,-70.45667178395003,41.82660875199397
2025-01-19 18:13:05.834000128,10.36274242401123,0.3298672139644623,-0.04014257341623306,3.596214771270752,1.930334210395813,-70.45668671761574,41.82660914194294
2025-01-19 18:13:09.836000000,10.385375022888184,0.5096361637115479,-0.04188790172338486,3.596214771270752,1.9408061504364014,-70.45668758930476,41.826608683976445
2025-01-19 18:13:13.842999808,10.340109825134277,0.5829399824142456,-0.03839724510908127,3.596214771270752,1.970476746559143,-70.45668731650794,41.8266081330289
2025-01-19 18:13:17.846999808,10.294845581054688,0.5567600131034851,-0.04886921867728233,3.596214771270752,2.0141098499298096,-70.45668700460477,41.826607555290366
2025-01-19 18:13:21.852000000,10.204317092895508,0.46076691150665283,-0.054105207324028015,3.596214771270752,2.073451042175293,-70.45668569415473,41.82660677531207
2025-01-19 18:13:25.854000128,10.385375022888184,0.3473205268383026,-0.045378562062978745,3.596214771270752,2.1397736072540283,-70.45669185419314,41.82660757410078
2025-01-19 18:13:29.860000000,10.475903511047363,0.20943951606750488,-0.045378562062978745,3.596214771270752,2.2095868587493896,-70.4566970364609,41.82660843355767
2025-01-19 18:13:33.862999808,10.860651969909668,0.08203047513961792,-0.05061454698443413,3.596214771270752,2.2532200813293457,-70.45669042960404,41.82660570858605
2025-01-19 18:13:37.868999936,10.9738130569458,-0.04712389037013054,-0.054105207324028015,3.596214771270752,2.2567107677459717,-70.45668546716696,41.82660349241998
2025-01-19 18:13:41.869999872,11.381194114685059,-0.16406095027923584,-0.057595863938331604,3.596214771270752,2.2532200813293457,-70.4566858527382,41.82660300131109
2025-01-19 18:13:45.874000128,11.652780532836914,-0.27576202154159546,-0.0593411959707737,3.596214771270752,2.2671825885772705,-70.45667798203925,41.82659977016251
2025-01-19 18:13:49.880999936,12.060161590576172,-0.34208452701568604,-0.057595863938331604,3.596214771270752,2.28987193107605,-70.45666782145622,41.826595562432416
2025-01-19 18:13:53.884999936,12.6033353805542,-0.36826446652412415,-0.057595863938331604,3.596214771270752,2.3177971839904785,-70.45665506947707,41.82659010189195
2025-01-19 18:13:57.885999872,12.807025909423828,-0.4433136284351349,-0.08028514683246613,3.596214771270752,2.3177971839904785,-70.45665156819925,41.82658814060167
2025-01-19 18:14:01.890000128,13.440729141235352,-0.76619952917099,-0.11344639956951141,3.596214771270752,2.293362617492676,-70.45664506577594,41.8265851978492
2025-01-19 18:14:05.907000064,13.983902931213379,-1.0192723274230957,-0.13962633907794952,3.596214771270752,2.3387413024902344,-70.45664221061186,41.82658341653179
2025-01-19 18:14:09.977999872,15.72658634185791,-1.0751228332519531,-0.13089969754219055,3.596214771270752,2.4329888820648193,-70.45663417659202,41.82657876339981
2025-01-19 18:14:13.980999936,16.69977378845215,-1.0541788339614868,-0.13264502584934235,3.596214771270752,2.5394539833068848,-70.45662980385826,41.82657533113261
2025-01-19 18:14:17.983000064,18.37455940246582,-1.0053097009658813,-0.13788101077079773,3.596214771270752,2.633701801300049,-70.45662165939528,41.826568474676634
2025-01-19 18:14:21.986000128,19.958816528320312,-0.9669123888015747,-0.13264502584934235,3.596214771270752,2.757620334625244,-70.45661432113533,41.826560577999
2025-01-19 18:14:26.007000064,21.610971450805664,-0.7906341552734375,-0.019198622554540634,3.596214771270752,2.7995080947875977,-70.45660631792298,41.82655131385472
2025-01-19 18:14:30.008000000,21.248855590820312,-0.5864306092262268,-0.07330382615327835,3.596214771270752,2.8169615268707275,-70.4566120023453,41.826556573775605
2025-01-19 18:14:34.012000000,21.248855590820312,-0.4328416585922241,-0.036651913076639175,3.596214771270752,2.7925267219543457,-70.45661238782048,41.82655608278968
2025-01-19 18:14:38.015000064,21.678869247436523,-0.33859387040138245,-0.04886921867728233,3.596214771270752,2.7663469314575195,-70.45660519441762,41.82654819664193
2025-01-19 18:14:42.022000128,21.49781036376953,-0.23911011219024658,-0.0593411959707737,3.596214771270752,2.724458932876587,-70.4566113098115,41.82655283630149
2025-01-19 18:14:46.024000000,22.154146194458008,-0.15882496535778046,-0.04712389037013054,3.596214771270752,2.6895523071289062,-70.45660420171242,41.82654609213713
2025-01-19 18:14:50.027000064,21.927824020385742,-0.07330382615327835,-0.0593411959707737,3.596214771270752,2.626720428466797,-70.45660085513713,41.826542855310315
2025-01-19 18:14:54.033999872,22.244674682617188,-0.006981316953897476,0.019198622554540634,3.596214771270752,2.5446901321411133,-70.45660124070868,41.8265423642017
2025-01-19 18:14:58.038000128,22.1088809967041,0.001745329238474369,-0.036651913076639175,3.596214771270752,2.4905848503112793,-70.45660162618387,41.8265418732158
2025-01-19 18:15:02.040999936,22.289939880371094,0.0,-0.015707964077591896,3.596214771270752,2.460914134979248,-70.4566020117554,41.82654138210717
2025-01-19 18:15:06.043000064,22.018352508544922,0.027925267815589905,-0.010471975430846214,3.596214771270752,2.4486968517303467,-70.45660239742327,41.826540890875854
2025-01-19 18:15:10.046999808,22.26730728149414,0.06981316953897476,-0.06632251292467117,3.596214771270752,2.4940755367279053,-70.45660278289844,41.82654039988994
2025-01-19 18:15:14.053999872,22.08624839782715,0.13613568246364594,0.01745329238474369,3.596214771270752,2.518510103225708,-70.45660316846995,41.82653990878133
2025-01-19 18:15:18.056000000,22.244674682617188,0.2321287840604782,-0.12391837686300278,3.596214771270752,2.6110124588012695,-70.45660949584432,41.8265436492654
2025-01-19 18:15:22.084999936,22.289939880371094,0.343829870223999,0.057595863938331604,3.596214771270752,2.637192487716675,-70.45661093515217,41.82654395004326
2025-01-19 18:15:26.091000064,22.26730728149414,0.4450589716434479,-0.10646508634090424,3.596214771270752,2.7960174083709717,-70.45661105757625,41.82654318596974
2025-01-19 18:15:30.094000128,22.26730728149414,0.5358160734176636,0.0,3.596214771270752,2.8396506309509277,-70.45661144314772,41.82654269486111
2025-01-19 18:15:34.096000000,22.26730728149414,0.6003932356834412,-0.06806784123182297,3.596214771270752,2.949606418609619,-70.45661182881553,41.82654220362973
2025-01-19 18:15:38.101000192,22.222042083740234,0.644026517868042,-0.07679449021816254,3.596214771270752,3.0264008045196533,-70.45661198921503,41.826541307649386
2025-01-19 18:15:42.104000000,21.882558822631836,0.6649704575538635,-0.01745329238474369,3.596214771270752,3.1066861152648926,-70.45661089730973,41.82653739794056
2025-01-19 18:15:46.145999872,22.19940948486328,0.6649704575538635,-0.054105207324028015,3.596214771270752,3.206169843673706,-70.45661231748497,41.826540464474526
2025-01-19 18:15:50.148000000,21.90519142150879,0.6911503672599792,-0.03316125646233559,3.596214771270752,3.235840320587158,-70.45661198041176,41.82653707672072
2025-01-19 18:15:54.153000192,22.154146194458008,0.7103490233421326,-0.05585053563117981,3.596214771270752,3.2585296630859375,-70.45661292728765,41.82653915738754
2025-01-19 18:15:58.160000000,21.792030334472656,0.7278022766113281,-0.054105207324028015,3.596214771270752,3.263765811920166,-70.45661261055399,41.82653533899747
2025-01-19 18:16:02.164999936,21.882558822631836,0.7086036801338196,-0.057595863938331604,3.596214771270752,3.24282169342041,-70.45661322296505,41.82653579355174
2025-01-19 18:16:06.165999872,21.3846492767334,0.6457718014717102,-0.0593411959707737,3.596214771270752,3.230604410171509,-70.4566122082678,41.82652984858266
2025-01-19 18:16:10.170000128,21.248855590820312,0.5689773559570312,-0.06108652427792549,3.596214771270752,3.216641902923584,-70.45661215389364,41.82652776451406
2025-01-19 18:16:14.175000064,20.79621124267578,0.48694685101509094,-0.0593411959707737,3.596214771270752,3.223623037338257,-70.45661074303597,41.82652053164337
2025-01-19 18:16:18.181999872,21.067798614501953,0.4433136284351349,-0.05585053563117981,3.596214771270752,3.235840320587158,-70.45661239104808,41.8265251000086
2025-01-19 18:16:22.184000000,20.52462387084961,0.42236968874931335,-0.05235987901687622,3.596214771270752,3.2480578422546387,-70.45661053211712,41.8265149615407
2025-01-19 18:16:26.188000000,20.00408172607422,0.42760565876960754,-0.054105207324028015,3.596214771270752,3.267256259918213,-70.45660904986099,41.826505416818705
2025-01-19 18:16:30.194999808,19.551437377929688,0.46076691150665283,-0.057595863938331604,3.596214771270752,3.274237632751465,-70.4566080197221,41.82649773015816
2025-01-19 18:16:34.198999808,19.460906982421875,0.48171088099479675,-0.0593411959707737,3.596214771270752,3.2794737815856934,-70.45660817492325,41.82649602402636
2025-01-19 18:16:38.200999936,18.849836349487305,0.46774822473526,-0.06283185631036758,3.596214771270752,3.324852228164673,-70.45660728829417,41.82648559889098
2025-01-19 18:16:42.204000000,18.397192001342773,0.4625122547149658,-0.06108652427792549,3.596214771270752,3.364994764328003,-70.4566071318912,41.82647779327559
2025-01-19 18:16:46.208000000,17.83138656616211,0.4956735074520111,-0.06108652427792549,3.596214771270752,3.412118673324585,-70.4566074239382,41.82646881072087
2025-01-19 18:16:50.213999872,17.67296028137207,0.5096361637115479,-0.06457718461751938,3.596214771270752,3.445279836654663,-70.45660788188998,41.826466148659314
2025-01-19 18:16:54.214999808,16.880830764770508,0.5113814473152161,-0.06283185631036758,3.596214771270752,3.4801864624023438,-70.45660921424495,41.82645383730448
2025-01-19 18:16:58.219000064,16.043437957763672,0.5183627605438232,-0.06108652427792549,3.596214771270752,3.5185837745666504,-70.45661120070844,41.82644119581128
2025-01-19 18:17:02.226000128,15.568160057067871,0.5235987901687622,-0.06981316953897476,3.596214771270752,3.577924966812134,-70.45661301027882,41.82643400653166
2025-01-19 18:17:06.246000128,14.911825180053711,0.516617476940155,-0.06806784123182297,3.596214771270752,3.6320302486419678,-70.45661607033115,41.82642420699616
2025-01-19 18:17:10.247000064,13.938638687133789,0.5235987901687622,-0.06806784123182297,3.596214771270752,3.6896259784698486,-70.45662146555196,41.82641013885553
2025-01-19 18:17:14.249999872,13.463360786437988,0.5201081037521362,-0.06981316953897476,3.596214771270752,3.748967170715332,-70.45662478865565,41.8264032040803
2025-01-19 18:17:18.253999872,12.739129066467285,0.5044001340866089,-0.06457718461751938,3.596214771270752,3.8013272285461426,-70.45663051095093,41.82639274746983
2025-01-19 18:17:22.260000000,11.69804573059082,0.5026548504829407,-0.06981316953897476,3.596214771270752,3.874630928039551,-70.45664013658585,41.82637810421246
2025-01-19 18:17:26.262000128,11.335928916931152,0.48694685101509094,-0.06457718461751938,3.596214771270752,3.93746280670166,-70.45664415654984,41.826372833436196
2025-01-19 18:17:30.266000128,10.385375022888184,0.45727625489234924,-0.06806784123182297,3.596214771270752,4.010766506195068,-70.45665650522947,41.8263589904876
2025-01-19 18:17:34.272000000,9.729039192199707,0.42760565876960754,-0.07330382615327835,3.596214771270752,4.073598384857178,-70.45666633194027,41.826349272725764
2025-01-19 18:17:38.359000064,8.959543228149414,0.4031710624694824,-0.07330382615327835,3.596214771270752,4.12072229385376,-70.45667901334376,41.82633787036425
2025-01-19 18:17:42.360999936,8.212678909301758,0.3735004663467407,-0.07330382615327835,3.596214771270752,4.174827575683594,-70.45669340763646,41.82632623036297
2025-01-19 18:17:46.362999808,7.624239921569824,0.33161255717277527,-0.07679449021816254,3.596214771270752,4.232423305511475,-70.45670658570606,41.826316667851216
2025-01-19 18:17:50.364999936,6.4247307777404785,0.24609142541885376,-0.06632251292467117,3.596214771270752,4.373795032501221,-70.45672927760224,41.82630422494185
2025-01-19 18:17:55.871000064,6.492627143859863,0.24434609711170197,-0.06283185631036758,3.596214771270752,4.365068435668945,-70.45669867195294,41.826320496002914
2025-01-19 18:17:59.872999936,5.587337017059326,0.23038345575332642,-0.07853981852531433,3.596214771270752,4.433136463165283,-70.45673007777376,41.82630552269184
2025-01-19 18:18:03.879000064,5.4289116859436035,0.24783675372600555,-0.06108652427792549,3.596214771270752,4.502949237823486,-70.45673520029641,41.82630314996642
2025-01-19 18:18:07.882999808,4.885737419128418,0.30194196105003357,-0.08028514683246613,3.596214771270752,4.55705451965332,-70.45675130742752,41.82629720756245
2025-01-19 18:18:11.888000000,4.727311611175537,0.3577924966812134,-0.07853981852531433,3.596214771270752,4.621631622314453,-70.45675547745459,41.82629562014333
2025-01-19 18:18:15.890000128,4.093608379364014,0.4450589716434479,-0.06108652427792549,3.596214771270752,4.726351737976074,-70.45676992179104,41.82629227766649
2025-01-19 18:18:19.892999936,3.2109508514404297,0.5201081037521362,-0.06283185631036758,3.596214771270752,4.857251167297363,-70.45678731288977,41.82629007346645
2025-01-19 18:18:23.895000064,2.4640865325927734,0.5742133259773254,-0.07504915446043015,3.596214771270752,4.9410271644592285,-70.45680050242088,41.826289102091096
2025-01-19 18:18:27.901999872,1.3551061153411865,0.6300638318061829,-0.08028514683246613,3.596214771270752,5.092870712280273,-70.45681827719108,41.82628993863198
2025-01-19 18:28:41.527000064,0.17822898924350739,-0.03839724510908127,-0.16406095027923584,3.59630356854807,0.04886921867728233,-70.45691333338672,41.82517000112457
2025-01-19 18:33:39.064999936,0.04243547096848488,-0.8656833171844482,-0.03490658476948738,3.602895525880207,0.5829399824142456,-70.45690500005337,41.82472000112454
2025-01-19 18:33:43.066999808,0.6308740377426147,-0.9320058226585388,-0.010471975430846214,3.6029841902265365,0.514872133731842,-70.45690000005337,41.824720001124525
2025-01-19 18:33:47.072999936,1.3098416328430176,-0.8953539133071899,0.02094395086169243,3.6030729431970467,0.5619960427284241,-70.45689666672003,41.824721667791195
2025-01-19 18:33:51.076000000,2.1698672771453857,-0.8883726000785828,-0.02617993950843811,3.6031616297020626,0.6632251143455505,-70.45689666672003,41.82471833445787
2025-01-19 18:33:55.078000128,3.0977895259857178,-0.8796459436416626,-0.04014257341623306,3.603250294053674,0.6632251143455505,-70.45689396149952,41.82472391527294
2025-01-19 18:33:59.081000192,4.2520341873168945,-0.8848819136619568,0.013962633907794952,3.6033389805586897,0.6161012053489685,-70.45689013136406,41.82473305995494
2025-01-19 18:34:04.276999936,6.17577600479126,-0.8185594081878662,-0.02094395086169243,3.603454097986943,0.3560471534729004,-70.45688950985866,41.824744408087284
2025-01-19 18:34:08.283000064,7.465814113616943,-0.7365289330482483,-0.05061454698443413,3.6035428509574534,0.1483529806137085,-70.45689225171236,41.824756016356666
2025-01-19 18:34:12.285000192,8.41636848449707,-0.6824237108230591,-0.04188790172338486,3.6036315153090652,6.227334976196289,-70.45689725696654,41.824764921743856
2025-01-19 18:34:16.290999808,9.570613861083984,-0.6230825185775757,-0.03316125646233559,3.603720268274293,6.0266218185424805,-70.45690718119026,41.8247761190521
2025-01-19 18:34:20.296000000,10.31747817993164,-0.5672320127487183,-0.03316125646233559,3.6038089990913993,5.820672988891602,-70.45691686669447,41.82478298529771
2025-01-19 18:34:24.300000000,11.22276782989502,-0.49043750762939453,-0.0593411959707737,3.603897707749819,5.654866695404053,-70.45693226166999,41.82479108509031
2025-01-19 18:34:28.304000000,12.128058433532715,-0.4153883755207062,-0.054105207324028015,3.603986416408239,5.516985893249512,-70.45695744816354,41.82480097178965
2025-01-19 18:34:33.450000128,13.16914176940918,-0.34033921360969543,-0.0593411959707737,3.604100426092337,5.330235481262207,-70.45698037040196,41.824806309569716
2025-01-19 18:34:37.453999872,13.350199699401855,-0.3577924966812134,-0.0593411959707737,3.6041891347507566,5.209807872772217,-70.45698564121484,41.82480653547221
2025-01-19 18:34:41.457999872,14.029167175292969,-0.6056292653083801,-0.02617993950843811,3.6042778434091765,5.068436145782471,-70.45699736238318,41.82480663034509
2025-01-19 18:34:45.459000064,14.730767250061035,-0.8307767510414124,-0.001745329238474369,3.6043664856073843,4.90786600112915,-70.4570052231825,41.82480562878467
2025-01-19 18:34:49.466000128,16.179231643676758,-0.9197885394096375,0.006981316953897476,3.6044552607312985,4.7019171714782715,-70.45701821185231,41.82480232239991
2025-01-19 18:34:53.494999808,17.333477020263672,-0.9477137923240662,0.02617993950843811,3.604544523261796,4.490732192993164,-70.45702709736037,41.82479838881077
2025-01-19 18:34:57.497999872,18.872468948364258,-0.9320058226585388,0.03316125646233559,3.6046332097668117,4.256857872009277,-70.45703747971625,41.82479124217393
2025-01-19 18:35:01.500000000,19.981449127197266,-0.8272860646247864,-0.04363323003053665,3.6047218741184235,4.1451568603515625,-70.45704590665174,41.82478409151443
2025-01-19 18:35:05.503000064,20.61515235900879,-0.4747295677661896,-0.04886921867728233,3.6048105606234393,4.167846202850342,-70.45705568856243,41.82477614177678
2025-01-19 18:35:09.507000064,20.750946044921875,-0.33335790038108826,-0.05585053563117981,3.604899269281859,4.197516918182373,-70.45705883397731,41.8247736653077
2025-01-19 18:35:13.515000064,21.180959701538086,-0.30543261766433716,-0.07330382615327835,3.6049880665644594,4.207988739013672,-70.45706906750333,41.82476595072837
2025-01-19 18:35:17.516999936,21.339384078979492,-0.14137166738510132,-0.06108652427792549,3.605076730910789,4.256857872009277,-70.45707895879485,41.82475913556961
2025-01-19 18:35:21.520999936,21.74676513671875,-0.010471975430846214,-0.04014257341623306,3.605165439569209,4.342379093170166,-70.45708421379535,41.82475595245981
2025-01-19 18:35:25.528999936,21.58833885192871,0.010471975430846214,-0.07679449021816254,3.6052542368518097,4.394739151000977,-70.45708482420991,41.824755403595724
2025-01-19 18:35:29.803000064,21.724132537841797,0.02617993950843811,-0.09948376566171646,3.6053489273624746,4.452334880828857,-70.45708544484378,41.824754845542735
2025-01-19 18:35:33.805000192,21.74676513671875,0.015707964077591896,-0.0872664600610733,3.605437591714086,4.441863059997559,-70.457086078595,41.82475427569507
2025-01-19 18:35:37.806999808,21.81466293334961,0.03141592815518379,-0.07504915446043015,3.6055262560604158,4.405210971832275,-70.45708669465303,41.824753721756494
2025-01-19 18:35:41.809999872,21.543075561523438,0.07679449021816254,-0.0872664600610733,3.605614942565431,4.340633869171143,-70.45708730613522,41.82475317193234
2025-01-19 18:35:45.812000000,21.792030334472656,0.16231562197208405,-0.06806784123182297,3.605703606917043,4.28129243850708,-70.45708791654972,41.82475262306821
2025-01-19 18:35:49.819000064,21.452545166015625,0.28274333477020264,-0.06457718461751938,3.605792382040957,4.214970111846924,-70.45709655525258,41.8247461789423
2025-01-19 18:35:53.821000192,21.882558822631836,0.4118976891040802,-0.0890117883682251,3.605881046392569,4.0980329513549805,-70.45708980388217,41.82475247181258
2025-01-19 18:35:57.828000000,21.724132537841797,0.5393067598342896,-0.045378562062978745,3.6059698215164833,3.9706239700317383,-70.45709185894962,41.82475016157088
2025-01-19 18:36:01.829999872,21.724132537841797,0.644026517868042,-0.06108652427792549,3.6060584858628126,3.8414697647094727,-70.45709246936407,41.824749612706746
2025-01-19 18:36:05.835000064,21.40728187561035,0.7120943069458008,-0.05235987901687622,3.606147216679919,3.6896259784698486,-70.45709415454887,41.82474615089301
2025-01-19 18:36:09.836999936,21.678869247436523,0.7260569930076599,-0.06806784123182297,3.6062358810262483,3.5325465202331543,-70.45709434811053,41.82474836857703
2025-01-19 18:36:13.840000000,21.316753387451172,0.7243116497993469,-0.04188790172338486,3.606324567531264,3.391174793243408,-70.457094824621,41.82474439213503
2025-01-19 18:36:17.844000000,21.678869247436523,0.6824237108230591,-0.06283185631036758,3.606413276194966,3.289945602416992,-70.45709613281625,41.824747822817926
2025-01-19 18:36:21.851000064,21.3846492767334,0.6352998614311218,-0.04188790172338486,3.6065020513188806,3.2079150676727295,-70.45709582967321,41.82474410658919
2025-01-19 18:36:25.852000000,21.678869247436523,0.6056292653083801,-0.04712389037013054,3.606590693511806,3.155555248260498,-70.45709779416168,41.82474729277533
2025-01-19 18:36:29.859000064,21.3846492767334,0.5916666388511658,-0.06108652427792549,3.60667946863572,3.12239408493042,-70.457097021899,41.824743376258404
2025-01-19 18:36:33.860999936,21.56570816040039,0.5829399824142456,-0.05585053563117981,3.6067681329873316,3.0997047424316406,-70.45709870435999,41.824745223595876
2025-01-19 18:36:37.905999872,21.180959701538086,0.5707226395606995,-0.05235987901687622,3.6068577499987056,3.0874874591827393,-70.45709718434009,41.824740065594824
2025-01-19 18:36:41.908000000,21.339384078979492,0.5375614166259766,-0.054105207324028015,3.6069464143503174,3.0700342655181885,-70.45709888323265,41.8247417444677
2025-01-19 18:36:45.912000000,20.750946044921875,0.5061454772949219,-0.05585053563117981,3.607035123008737,3.0560715198516846,-70.4570952899441,41.82473294982187
2025-01-19 18:36:49.916000000,21.067798614501953,0.4747295677661896,-0.05235987901687622,3.607123831667157,3.035127639770508,-70.45709866113101,41.824737494036526
2025-01-19 18:36:53.920999936,20.52462387084961,0.45029494166374207,-0.05061454698443413,3.6072125624842633,3.0124382972717285,-70.4570944034257,41.824728519379185
2025-01-19 18:36:57.924000000,20.11724281311035,0.45204028487205505,-0.04886921867728233,3.607301248989279,2.981022357940674,-70.45709118924651,41.82472188342152
2025-01-19 18:37:01.930000128,19.687231063842773,0.47822022438049316,-0.05061454698443413,3.6073900019597893,2.9443705081939697,-70.45708773362581,41.824715435017
2025-01-19 18:37:05.932000000,19.619333267211914,0.49043750762939453,-0.054105207324028015,3.6074786663061187,2.898991823196411,-70.45708774217906,41.82471410237587
2025-01-19 18:37:09.938999808,19.166688919067383,0.4764748811721802,-0.04712389037013054,3.607567441430033,2.8379054069519043,-70.45708307567716,41.82470756113163
2025-01-19 18:37:13.940999936,18.53298568725586,0.4729842245578766,-0.04712389037013054,3.6076561057816448,2.7698376178741455,-70.45707542157838,41.82469888018374
2025-01-19 18:37:17.976000000,18.329296112060547,0.47822022438049316,-0.05061454698443413,3.6077455012484134,2.6930429935455322,-70.45707334614023,41.82469607507405
2025-01-19 18:37:21.977999872,17.83138656616211,0.46076691150665283,-0.057595863938331604,3.607834165594743,2.6249752044677734,-70.45706620486253,41.8246898431985
2025-01-19 18:37:25.983000064,17.58243179321289,0.46076691150665283,-0.06108652427792549,3.607922896411849,2.558652639389038,-70.45706287474242,41.824686765559925
2025-01-19 18:37:29.988000000,16.69977378845215,0.4747295677661896,-0.0593411959707737,3.608011627223673,2.4923300743103027,-70.45704818897944,41.82467764878759
2025-01-19 18:37:33.992000000,16.563980102539062,0.48869219422340393,-0.0593411959707737,3.6081003358873747,2.4260077476501465,-70.45704667754141,41.82467606834871
2025-01-19 18:37:37.993999872,15.749218940734863,0.48345619440078735,-0.05061454698443413,3.6081890002337045,2.3579397201538086,-70.45703217091366,41.82466921846665
2025-01-19 18:37:42.000000000,14.866560935974121,0.48869219422340393,-0.05585053563117981,3.6082777532042147,2.2968533039093018,-70.45701624368634,41.82466273548903
2025-01-19 18:37:46.002000128,14.640237808227539,0.48345619440078735,-0.04712389037013054,3.608366417555826,2.2340214252471924,-70.45701270980392,41.82466093242838
2025-01-19 18:37:50.006000128,13.78021240234375,0.47822022438049316,-0.045378562062978745,3.608455126214246,2.1729350090026855,-70.45699580415221,41.82465599280526
2025-01-19 18:37:54.008999936,12.920186996459961,0.5026548504829407,-0.054105207324028015,3.6085438127192617,2.090904474258423,-70.45697957036474,41.82465234287712
2025-01-19 18:37:58.016000000,12.625967979431152,0.4991641640663147,-0.057595863938331604,3.608632587843176,2.005383253097534,-70.4569745432998,41.82465113156088
2025-01-19 18:38:02.017999872,11.720677375793457,0.48345619440078735,-0.05061454698443413,3.6087212521895053,1.916371464729309,-70.45695592969692,41.82464962050182
2025-01-19 18:38:06.024000000,10.951181411743164,0.471238911151886,-0.05585053563117981,3.6088100051600156,1.832595705986023,-70.45693996634911,41.82464928189799
2025-01-19 18:38:10.026000128,10.294845581054688,0.45902159810066223,-0.05235987901687622,3.6088986695116274,1.7104226350784302,-70.45692623293459,41.82465023547114
2025-01-19 18:38:14.032999936,9.570613861083984,0.41887903213500977,-0.054105207324028015,3.6089874446355417,1.5952309370040894,-70.45690986762092,41.824652987347704
2025-01-19 18:38:18.035000064,8.869013786315918,0.3822270929813385,-0.05235987901687622,3.6090761089871535,1.5062191486358643,-70.45689301444592,41.824657108205244
2025-01-19 18:38:22.039000064,8.122149467468262,0.3525564968585968,-0.05235987901687622,3.6091648176455733,1.3805553913116455,-70.4568746338829,41.82466375718682
2025-01-19 18:38:26.043000064,7.578975677490234,0.34033921360969543,-0.06283185631036758,3.609253526303993,1.2531464099884033,-70.45686216448318,41.824669850105494
2025-01-19 18:38:30.046999808,7.081066131591797,0.33161255717277527,-0.054105207324028015,3.609342234962413,1.1519173383712769,-70.45685146831912,41.824676390475105
2025-01-19 18:38:34.052000000,6.492627143859863,0.3804817795753479,-0.057595863938331604,3.609430965779519,1.0192723274230957,-70.45684182344829,41.82468423378941
2025-01-19 18:38:38.052999936,5.926821231842041,0.6614797711372375,-0.09075712412595749,3.6095196079724445,0.7941247820854187,-70.45683827887743,41.824689172566195
2025-01-19 18:38:42.069999872,4.636782646179199,0.9232791662216187,-0.11519172787666321,3.609608604646246,0.5585053563117981,-70.45683580064048,41.82469666518012
2025-01-19 18:38:46.076000000,3.5730667114257812,1.0157816410064697,-0.13788101077079773,3.6096973576167564,0.343829870223999,-70.45683593119533,41.82470164850265
2025-01-19 18:38:50.092000000,1.6266931295394897,0.9896016716957092,-0.15707963705062866,3.6097863321371544,0.15184365212917328,-70.4568383782901,41.82471186712831
2025-01-19 18:38:54.095000064,0.7666675448417664,0.7120943069458008,-0.16755160689353943,3.6098750186421698,6.148795127868652,-70.45684356794528,41.82471913192385
2025-01-19 18:41:26.290999808,0.29139024019241333,-0.8621926307678223,-0.03490658476948738,3.6132469225228303,0.19896753132343292,-70.45684833338669,41.824540001124525
2025-01-19 18:41:30.296999936,0.9929900765419006,-0.9494591355323792,-0.04363323003053665,3.6133356754933406,0.2949606478214264,-70.45685666672004,41.82453500112453
2025-01-19 18:41:34.299000064,1.898280143737793,-0.9162978529930115,-0.027925267815589905,3.613424339844952,0.43109631538391113,-70.45685606802289,41.824540343573666
2025-01-19 18:41:38.305000192,2.961996078491211,-0.9023352265357971,-0.03141592815518379,3.613513092815462,0.48694685101509094,-70.45685455930317,41.82454744020867
2025-01-19 18:41:42.660000000,4.138873100280762,-0.8517206907272339,0.015707964077591896,3.6136095778839135,0.45902159810066223,-70.45685283679956,41.82455704909603
2025-01-19 18:41:47.857000192,5.858924388885498,-0.7243116497993469,-0.02967059798538685,3.6137247174708533,0.22165681421756744,-70.45685442371693,41.82456928211464
2025-01-19 18:41:51.862999808,6.967904567718506,-0.6056292653083801,-0.06457718461751938,3.613813470436081,0.019198622554540634,-70.45685969582829,41.82458186453205
2025-01-19 18:41:55.865999872,7.714768886566162,-0.4974188506603241,-0.05235987901687622,3.613902156941097,6.115633487701416,-70.45686686514156,41.8245915681319
2025-01-19 18:41:59.869999872,8.303207397460938,-0.3839724361896515,-0.057595863938331604,3.6139908655995168,5.963789939880371,-70.45687635674085,41.82460076781275
2025-01-19 18:42:03.872000000,8.98217487335205,-0.2897246479988098,-0.06108652427792549,3.6140795299511286,5.846852779388428,-70.45689193213803,41.82461310872821
2025-01-19 18:42:07.877000192,9.299026489257812,-0.23387411236763,-0.057595863938331604,3.6141682607682344,5.7194437980651855,-70.45690151069707,41.82461854241175
2025-01-19 18:42:11.881999872,9.79693603515625,-0.2024581879377365,-0.06981316953897476,3.6142569915800586,5.576326847076416,-70.45692525591228,41.82462921596971
2025-01-19 18:42:17.028000000,10.498536109924316,-0.13439035415649414,-0.06806784123182297,3.6143710012641566,5.440191268920898,-70.45693787588901,41.82463299613466
2025-01-19 18:42:21.029999872,10.951181411743164,-0.0890117883682251,-0.0593411959707737,3.614459665610486,5.356415271759033,-70.45694429688317,41.824634109561174
2025-01-19 18:42:25.036999936,11.154870986938477,-0.07679449021816254,-0.057595863938331604,3.6145484407344,5.28660249710083,-70.45694490729781,41.82463356069779
2025-01-19 18:42:29.040999936,11.516987800598145,-0.11519172787666321,-0.05061454698443413,3.61463714939282,5.202826499938965,-70.45694551771243,41.824633011834415
2025-01-19 18:42:33.045000192,11.765942573547363,-0.19024088978767395,-0.05061454698443413,3.6147258580565222,5.103342533111572,-70.45694612812704,41.82463246297104
2025-01-19 18:42:37.046999808,12.082793235778809,-0.28274333477020264,-0.0593411959707737,3.6148145224028516,5.009094715118408,-70.45695720844651,41.82463205453426
2025-01-19 18:42:41.053999872,12.625967979431152,-0.34208452701568604,-0.04886921867728233,3.614903297526766,4.956735134124756,-70.45697331865144,41.82463110668329
2025-01-19 18:42:45.148999936,12.739129066467285,-0.42760565876960754,-0.04363323003053665,3.61499402229286,4.916592597961426,-70.45697631585874,41.82463042177012
2025-01-19 18:42:49.151000064,13.327567100524902,-0.7260569930076599,-0.006981316953897476,3.615082686644471,4.858996868133545,-70.45698465189288,41.824629094778615
2025-01-19 18:42:53.165999872,14.051799774169922,-0.9459684491157532,0.02094395086169243,3.6151716390061828,4.743804931640625,-70.45699098769893,41.82462746507476
2025-01-19 18:42:57.168999936,15.522895812988281,-1.0035643577575684,0.01745329238474369,3.6152603255111986,4.584980010986328,-70.457001375326,41.82462376963108
2025-01-19 18:43:01.188999936,16.745037078857422,-1.0018190145492554,0.03839724510908127,3.615349388650495,4.410447120666504,-70.45700933396776,41.82461961424439
2025-01-19 18:43:05.193000192,18.44245719909668,-0.982620358467102,0.05585053563117981,3.615438097314197,4.180063724517822,-70.45701882816358,41.82461207007346
2025-01-19 18:43:09.194999808,19.619333267211914,-0.937241792678833,0.012217304669320583,3.6155267616605262,4.021238803863525,-70.4570251054903,41.824605338331864
2025-01-19 18:43:13.234999808,20.592519760131836,-0.59690260887146,-0.08552113175392151,3.615616267899598,4.01774787902832,-70.45703473976293,41.82459486815279
2025-01-19 18:43:17.240999936,20.501991271972656,-0.3473205268383026,-0.05585053563117981,3.615705020870108,4.0613813400268555,-70.45703355050058,41.82459612338891
2025-01-19 18:43:21.243000064,21.067798614501953,-0.3490658402442932,-0.05585053563117981,3.6157936852217194,4.070107936859131,-70.4570439304321,41.824585957243
2025-01-19 18:43:25.246000128,20.841474533081055,-0.36826446652412415,-0.06108652427792549,3.615882371726735,4.063126564025879,-70.45704030787998,41.82458963632074
2025-01-19 18:43:29.252000000,21.49781036376953,-0.21816615760326385,-0.054105207324028015,3.6159711246972455,4.113740921020508,-70.45705830194082,41.82457344144938
2025-01-19 18:43:33.256999936,21.3846492767334,-0.07853981852531433,-0.05235987901687622,3.6160598555090693,4.206243515014648,-70.45706750938916,41.82456646851871
2025-01-19 18:43:37.257999872,21.83729362487793,0.02617993950843811,-0.13439035415649414,3.6161484977019946,4.314454078674316,-70.45707123352135,41.82456404893651
2025-01-19 18:43:41.263000064,21.56570816040039,0.04014257341623306,-0.024434609338641167,3.616237228519101,4.368558883666992,-70.45707184393423,41.82456350007248
2025-01-19 18:43:45.267000064,21.83729362487793,0.03490658476948738,-0.10646508634090424,3.6163259371775207,4.3842668533325195,-70.45707245419457,41.8245629513456
2025-01-19 18:43:49.273999872,21.678869247436523,0.057595863938331604,-0.09948376566171646,3.616414712301435,4.349360466003418,-70.45707306460744,41.82456240248157
2025-01-19 18:43:53.275000064,21.83729362487793,0.10821041464805603,-0.045378562062978745,3.6165033544996428,4.272565841674805,-70.45707367502031,41.82456185361754
2025-01-19 18:43:57.279000064,21.724132537841797,0.19198621809482574,-0.10297442227602005,3.6165920631580626,4.216715335845947,-70.45707428528061,41.82456130489064
2025-01-19 18:44:01.286000128,21.882558822631836,0.3141592741012573,-0.054105207324028015,3.616680838281977,4.134685039520264,-70.45707099251493,41.82456412289739
2025-01-19 18:44:05.315000064,21.74676513671875,0.46076691150665283,-0.10646508634090424,3.6167701008177566,4.064871788024902,-70.45707322070199,41.82456196402127
2025-01-19 18:44:09.316000000,21.724132537841797,0.593411922454834,-0.03490658476948738,3.616858743010682,3.9566614627838135,-70.45707399757201,41.824561205809125
2025-01-19 18:44:13.321000192,21.769397735595703,0.7033677101135254,-0.06981316953897476,3.6169474738277883,3.8624136447906494,-70.45707433586671,41.82456108698598
2025-01-19 18:44:17.324999936,21.452545166015625,0.769690215587616,-0.05061454698443413,3.617036182486208,3.7315139770507812,-70.4570760825335,41.82455789831397
2025-01-19 18:44:21.345999872,21.701499938964844,0.7801621556282043,-0.06806784123182297,3.6171252677789085,3.577924966812134,-70.45707621966595,41.82455957743723
2025-01-19 18:44:25.346999808,21.362016677856445,0.7382742762565613,-0.0593411959707737,3.617213909971834,3.4505159854888916,-70.45707695598979,41.82455590721805
2025-01-19 18:44:29.351000064,21.56570816040039,0.6667158007621765,-0.054105207324028015,3.6173026186355357,3.364994764328003,-70.45707773872027,41.824557686476965
2025-01-19 18:44:33.358000128,21.158327102661133,0.6003932356834412,-0.054105207324028015,3.61739139375945,3.3196163177490234,-70.45707768678481,41.82455223625137
2025-01-19 18:44:37.361999872,21.29412078857422,0.5654866695404053,-0.05585053563117981,3.6174801024178698,3.2951815128326416,-70.4570786188991,41.824553599715045
2025-01-19 18:44:41.364000000,20.841474533081055,0.5410520434379578,-0.05235987901687622,3.6175687667694816,3.270746946334839,-70.45707799366464,41.82454691917995
2025-01-19 18:44:45.367000064,21.13569450378418,0.5340707302093506,-0.054105207324028015,3.6176574532744974,3.246312379837036,-70.45707962830707,41.8245507284371
2025-01-19 18:44:49.371000064,20.97726821899414,0.5201081037521362,-0.05235987901687622,3.617746161932917,3.2183871269226074,-70.45707966664835,41.82454808979272
2025-01-19 18:44:53.377000192,20.253036499023438,0.5270894169807434,-0.05235987901687622,3.6178349149034275,3.1869711875915527,-70.45707704961573,41.82453738556592
2025-01-19 18:44:57.380000000,20.20777130126953,0.5253441333770752,-0.045378562062978745,3.6179236014084433,3.152064561843872,-70.45707746479061,41.82453628949559
2025-01-19 18:45:01.413000192,19.936185836791992,0.48345619440078735,-0.05061454698443413,3.6180129525631215,3.1328659057617188,-70.45707653289628,41.824531839562
2025-01-19 18:45:05.417999872,19.189321517944336,0.4642575681209564,-0.04014257341623306,3.6181016833749453,3.1101768016815186,-70.45707215944752,41.82451966019432
2025-01-19 18:45:09.423000064,19.39301109313965,0.45902159810066223,-0.04886921867728233,3.6181904141920516,3.0805060863494873,-70.45707440710547,41.82452257499056
2025-01-19 18:45:13.424999936,18.849836349487305,0.45553094148635864,-0.045378562062978745,3.618279078538381,3.0421087741851807,-70.45707053173848,41.82451358216954
2025-01-19 18:45:17.430000128,18.306663513183594,0.4642575681209564,-0.04712389037013054,3.618367809355487,2.9914944171905518,-70.45706624514258,41.82450502249212
2025-01-19 18:45:21.434000128,17.786121368408203,0.4921828508377075,-0.05585053563117981,3.618456518013907,2.942625045776367,-70.45706202936749,41.824497501034585
2025-01-19 18:45:25.440999936,17.67296028137207,0.5044001340866089,-0.05061454698443413,3.6185452931378213,2.8867745399475098,-70.45706161400663,41.82449565334819
2025-01-19 18:45:29.444000000,17.016624450683594,0.4921828508377075,-0.05235987901687622,3.618633979642837,2.832669258117676,-70.45705467796435,41.82448663172458
2025-01-19 18:45:33.450000128,16.156599044799805,0.48869219422340393,-0.05061454698443413,3.6187227326133473,2.778564214706421,-70.45704459771234,41.824475382853855
2025-01-19 18:45:37.454999808,16.02080535888672,0.48345619440078735,-0.04712389037013054,3.618811463425171,2.727949619293213,-70.45704357496821,41.824473361126515
2025-01-19 18:45:41.457999872,15.251309394836426,0.46774822473526,-0.04363323003053665,3.618900149930187,2.680825710296631,-70.45703280860003,41.824463483820274
2025-01-19 18:45:45.460000000,14.527076721191406,0.471238911151886,-0.05061454698443413,3.6189888142817983,2.6354472637176514,-70.45702239640043,41.8244546821223
2025-01-19 18:45:49.464000000,13.667051315307617,0.4974188506603241,-0.04188790172338486,3.6190775229402186,2.562143325805664,-70.45700986961934,41.82444564314078
2025-01-19 18:45:53.467000064,13.327567100524902,0.5113814473152161,-0.04363323003053665,3.619166209445234,2.5028021335601807,-70.45700528912101,41.82444212291604
2025-01-19 18:45:57.473999872,12.648599624633789,0.5078908205032349,-0.05061454698443413,3.6192549845691486,2.431243658065796,-70.45699452957754,41.824435981625356
2025-01-19 18:46:01.476000000,11.675413131713867,0.5044001340866089,-0.04886921867728233,3.61934364892076,2.3457224369049072,-70.45697806976915,41.82442852087527
2025-01-19 18:46:05.479000064,10.9738130569458,0.48869219422340393,-0.05061454698443413,3.619432335425776,2.251474618911743,-70.45696517392318,41.82442367808414
2025-01-19 18:46:09.486000128,10.36274242401123,0.45204028487205505,-0.054105207324028015,3.61952111054969,2.174680233001709,-70.45695284605209,41.82441986702896
2025-01-19 18:46:13.490000128,9.661142349243164,0.43109631538391113,-0.054105207324028015,3.61960981920811,2.0856685638427734,-70.45693739780594,41.82441642816366
2025-01-19 18:46:17.564000000,8.936910629272461,0.42586034536361694,-0.057595863938331604,3.6197000787157423,1.9565141201019287,-70.45692107396695,41.8244145167682
2025-01-19 18:46:21.566999808,8.235310554504395,0.39444440603256226,-0.04886921867728233,3.619788765220758,1.8605209589004517,-70.45690350249139,41.82441381322046
2025-01-19 18:46:25.568999936,7.556343078613281,0.343829870223999,-0.04363323003053665,3.61987742957237,1.7470746040344238,-70.4568844343346,41.82441477719892
2025-01-19 18:46:29.571000064,7.013169288635254,0.30194196105003357,-0.04712389037013054,3.6199660939239813,1.6406095027923584,-70.45686793908244,41.82441694142873
2025-01-19 18:46:33.576999936,6.266304969787598,0.3211405873298645,-0.05585053563117981,3.6200548468892095,1.5463616847991943,-70.45684671685947,41.824421501420936
2025-01-19 18:46:37.579000064,5.904188632965088,0.5864306092262268,-0.09948376566171646,3.6201435112408213,1.321214199066162,-70.45684206964549,41.82442324691518
2025-01-19 18:46:41.598000128,4.817840576171875,0.8325220346450806,-0.12042772024869919,3.6202325522267134,1.0855947732925415,-70.45683446972929,41.82442858135453
2025-01-19 18:46:45.602999808,4.048344135284424,0.9250245094299316,-0.11344639956951141,3.620321283038537,0.9058258533477783,-70.45683124573841,41.82443199043091
2025-01-19 18:46:49.604999936,2.1019704341888428,0.937241792678833,-0.10471975803375244,3.620409947390149,0.769690215587616,-70.45682406161364,41.824442347481245
2025-01-19 18:46:53.608000000,1.1287835836410522,0.8831366300582886,-0.1466076523065567,3.620498633895165,0.5532693862915039,-70.45682215205017,41.824448491337414
2025-01-19 18:48:49.730000128,0.11033222824335098,-0.6824237108230591,-0.0593411959707737,3.6230713179520224,0.5480333566665649,-70.45677691394987,41.82439210325703
2025-01-19 18:48:53.733999872,0.49508053064346313,-0.8482300043106079,-0.027925267815589905,3.6231600266104422,0.19722220301628113,-70.45677833338668,41.8243950011245
2025-01-19 18:48:57.736000000,1.2419447898864746,-0.9058258533477783,-0.010471975430846214,3.6232486909620536,6.213372230529785,-70.45678000005336,41.82440000112453
2025-01-19 18:49:01.737999872,1.943544626235962,-0.8744099736213684,-0.10122909396886826,3.6233373553083834,6.059782981872559,-70.45678166672003,41.82439666779117
2025-01-19 18:49:05.740999936,3.00726056098938,-0.8482300043106079,-0.07330382615327835,3.623426041813399,6.00916862487793,-70.45678795937607,41.82440300856838
2025-01-19 18:49:09.744000000,4.138873100280762,-0.8429940342903137,-0.001745329238474369,3.6235147283184146,5.974262237548828,-70.45679703150684,41.82441159284833
2025-01-19 18:49:14.943000064,5.81365966796875,-0.7766715288162231,-0.013962633907794952,3.623629912217445,5.7735490798950195,-70.45680831241124,41.82441897789675
2025-01-19 18:49:18.946000128,6.945272445678711,-0.7086036801338196,-0.02967059798538685,3.6237185987224603,5.597270965576172,-70.45682138953738,41.82442489293159
2025-01-19 18:49:22.950000128,7.918459415435791,-0.6457718014717102,-0.04363323003053665,3.62380730738088,5.414011478424072,-70.4568354116901,41.824428858480466
2025-01-19 18:49:26.953999872,8.665323257446289,-0.5742133259773254,-0.04712389037013054,3.6238960160393003,5.237732887268066,-70.45684887236152,41.824430728984
2025-01-19 18:49:30.957999872,9.547981262207031,-0.5044001340866089,-0.05585053563117981,3.62398472469772,5.071926593780518,-70.45686717016473,41.82443125116236
2025-01-19 18:49:34.961999872,10.340109825134277,-0.4328416585922241,-0.06457718461751938,3.62407343335614,4.93055534362793,-70.45688636766877,41.82442985887666
2025-01-19 18:49:38.964000000,10.9738130569458,-0.3508111834526062,-0.06108652427792549,3.6241620977077513,4.834561824798584,-70.45691009814601,41.82442644373224
2025-01-19 18:49:44.111000064,12.060161590576172,-0.2687807083129883,-0.0593411959707737,3.6242761295452537,4.722860813140869,-70.45693943706345,41.82441998762841
2025-01-19 18:49:48.116000000,12.535438537597656,-0.23911011219024658,-0.06108652427792549,3.6243648603570775,4.626867771148682,-70.45695705014337,41.824414589653784
2025-01-19 18:49:52.120999936,12.377013206481934,-0.2565633952617645,-0.05235987901687622,3.6244535911741838,4.55181884765625,-70.45695099541204,41.824416383816576
2025-01-19 18:49:56.121999872,12.852290153503418,-0.5515240430831909,-0.01745329238474369,3.624542233367109,4.4488444328308105,-70.45695902285954,41.82441249108656
2025-01-19 18:50:00.227000064,13.508625984191895,-0.8656833171844482,0.003490658476948738,3.6246331796830904,4.338888645172119,-70.45696461064017,41.82440909765617
2025-01-19 18:50:04.229000192,14.889192581176758,-0.982620358467102,0.006981316953897476,3.6247218440347018,4.221951484680176,-70.45697290907508,41.82440297962604
2025-01-19 18:50:08.246000128,16.066070556640625,-0.9983283281326294,0.036651913076639175,3.624810840708504,4.066617012023926,-70.45697865322691,41.82439734015311
2025-01-19 18:50:12.248000000,17.740856170654297,-0.9791297316551208,0.04886921867728233,3.624899505054833,3.8955748081207275,-70.45698514661461,41.824388239685476
2025-01-19 18:50:16.249999872,18.89510154724121,-0.9529497623443604,0.03316125646233559,3.624988169406445,3.712315320968628,-70.45698848744084,41.824380904891704
2025-01-19 18:50:20.295000064,20.388830184936523,-0.8464846611022949,-0.019198622554540634,3.625077786423101,3.583160877227783,-70.45699155542535,41.82436916534646
2025-01-19 18:50:24.296999936,20.27566909790039,-0.5253441333770752,-0.057595863938331604,3.6251664507694303,3.574434280395508,-70.45699180486153,41.82437035491854
2025-01-19 18:50:28.304000000,20.841474533081055,-0.39618974924087524,-0.05235987901687622,3.625255225893345,3.5953781604766846,-70.4569949148385,41.82435923339184
2025-01-19 18:50:32.305999872,20.841474533081055,-0.4171336889266968,-0.04886921867728233,3.6253438902449564,3.5849063396453857,-70.45699552525016,41.8243586845282
2025-01-19 18:50:36.312000000,21.22622299194336,-0.33510321378707886,-0.05585053563117981,3.6254326432154667,3.5953781604766846,-70.45699808284195,41.824349899477134
2025-01-19 18:50:40.315000064,21.316753387451172,-0.18675023317337036,-0.05585053563117981,3.6255213297204825,3.6355209350585938,-70.45700122512582,41.82434068544291
2025-01-19 18:50:44.318000128,21.724132537841797,-0.057595863938331604,-0.05061454698443413,3.6256100162254983,3.6826446056365967,-70.45700326929348,41.82433614184051
2025-01-19 18:50:48.321000192,21.701499938964844,0.02617993950843811,-0.13264502584934235,3.625698702730514,3.7437312602996826,-70.45700387955233,41.824335593114014
2025-01-19 18:50:52.328000000,22.222042083740234,0.03839724510908127,-0.09948376566171646,3.6257874778544283,3.7507126331329346,-70.45700448996368,41.82433504425033
2025-01-19 18:50:56.329999872,21.792030334472656,0.06108652427792549,-0.06632251292467117,3.6258761422007577,3.7367498874664307,-70.45700510037503,41.824334495386665
2025-01-19 18:51:00.336000000,21.973087310791016,0.09599310904741287,-0.06806784123182297,3.625964895171268,3.6896259784698486,-70.45700571078636,41.824333946523
2025-01-19 18:51:04.338000128,21.81466293334961,0.16929693520069122,-0.06283185631036758,3.6260535595228798,3.6669368743896484,-70.4570063213502,41.82433339752218
2025-01-19 18:51:08.344999936,21.973087310791016,0.2600540518760681,-0.08377580344676971,3.626142334646794,3.6390113830566406,-70.45700535699713,41.82433815769479
2025-01-19 18:51:12.369999872,21.81466293334961,0.3857177793979645,-0.06108652427792549,3.626231508558393,3.5761797428131104,-70.45700655369858,41.82433481683526
2025-01-19 18:51:16.372999936,21.792030334472656,0.4939281642436981,-0.07330382615327835,3.6263201950634087,3.513347864151001,-70.45700720090207,41.824333970727636
2025-01-19 18:51:20.375000064,21.927824020385742,0.5759586691856384,-0.06283185631036758,3.62640885941502,3.4138641357421875,-70.45700782733606,41.82433528682968
2025-01-19 18:51:24.380999936,21.792030334472656,0.6230825185775757,-0.04188790172338486,3.6264976123855304,3.3056535720825195,-70.45700821136097,41.82433326811125
2025-01-19 18:51:28.382999808,21.49781036376953,0.6579891443252563,-0.05061454698443413,3.62658627673186,3.206169843673706,-70.45700792957695,41.824329651249094
2025-01-19 18:51:32.390000128,21.74676513671875,0.6771877408027649,-0.04886921867728233,3.6266750518610564,3.125884771347046,-70.45700962084906,41.824331768083766
2025-01-19 18:51:36.394000128,21.610971450805664,0.6946410536766052,-0.0593411959707737,3.6267637605194762,3.0455994606018066,-70.45700961368871,41.8243300452644
2025-01-19 18:51:40.397000192,21.724132537841797,0.7086036801338196,-0.054105207324028015,3.626852447024492,2.981022357940674,-70.45701090720496,41.824330583997245
2025-01-19 18:51:44.398999808,21.362016677856445,0.6963863968849182,-0.0593411959707737,3.6269411113708214,2.9443705081939697,-70.45700930011866,41.82432681766718
2025-01-19 18:51:48.401999872,21.543075561523438,0.6579891443252563,-0.057595863938331604,3.6270297978758372,2.916445255279541,-70.45701127239232,41.82432811692426
2025-01-19 18:51:52.404000000,21.113061904907227,0.59690260887146,-0.05061454698443413,3.627118462227449,2.9007372856140137,-70.45700839727665,41.82432301091091
2025-01-19 18:51:56.411000064,21.113061904907227,0.5288347601890564,-0.04886921867728233,3.6272072373513633,2.898991823196411,-70.45700900768786,41.82432246204723
2025-01-19 18:52:00.413000192,20.660417556762695,0.46774822473526,-0.04363323003053665,3.627295901702975,2.8902652263641357,-70.4570047693854,41.824315724541265
2025-01-19 18:52:04.418999808,20.660417556762695,0.4328416585922241,-0.04886921867728233,3.627384654668203,2.8780479431152344,-70.45700537979657,41.82431517567761
2025-01-19 18:52:08.420999936,20.253036499023438,0.4171336889266968,-0.04363323003053665,3.6274733190198147,2.8536133766174316,-70.45700070946181,41.82430841994935
2025-01-19 18:52:12.428000000,20.00408172607422,0.43109631538391113,-0.05235987901687622,3.627562094143729,2.8309240341186523,-70.45699820688375,41.82430438915646
2025-01-19 18:52:16.430000128,19.84565544128418,0.4642575681209564,-0.04886921867728233,3.6276507584953404,2.7925267219543457,-70.456996959964,41.82430192616742
2025-01-19 18:52:20.433000192,19.076160430908203,0.514872133731842,-0.05061454698443413,3.627739445000356,2.738421678543091,-70.45698796145594,41.82429252468319
2025-01-19 18:52:24.436999936,18.917734146118164,0.5375614166259766,-0.045378562062978745,3.627828153658776,2.6581363677978516,-70.45698669766854,41.824290507655014
2025-01-19 18:52:28.443000064,18.28403091430664,0.5201081037521362,-0.04886921867728233,3.6279169066292862,2.5900685787200928,-70.45697818750835,41.82428372324469
2025-01-19 18:52:32.444999936,17.51453399658203,0.5096361637115479,-0.054105207324028015,3.628005570975616,2.5202553272247314,-70.45696683596272,41.82427607561337
2025-01-19 18:52:36.452000000,17.31084442138672,0.4991641640663147,-0.0593411959707737,3.6280943460995303,2.4486968517303467,-70.4569642285575,41.824273883151335
2025-01-19 18:52:40.453999872,16.90346336364746,0.469493567943573,-0.06283185631036758,3.6281830104511417,2.3963370323181152,-70.45695752258364,41.82427000323402
2025-01-19 18:52:44.460000000,15.930276870727539,0.471238911151886,-0.05585053563117981,3.628271763421652,2.326523780822754,-70.456939247297,41.824262154465075
2025-01-19 18:52:48.461999872,15.794483184814453,0.469493567943573,-0.05235987901687622,3.6283604277679813,2.265437364578247,-70.45693744613042,41.824260808957646
2025-01-19 18:52:52.466000128,14.934457778930664,0.45727625489234924,-0.04712389037013054,3.6284491364316835,2.211332082748413,-70.45691995778094,41.82425513720591
2025-01-19 18:52:56.469000192,14.34601879119873,0.45727625489234924,-0.045378562062978745,3.6285378229366994,2.1467549800872803,-70.45690830414406,41.82425177899419
2025-01-19 18:53:00.474999808,13.395463943481445,0.47822022438049316,-0.05235987901687622,3.628626575901927,2.0717058181762695,-70.45688912013347,41.82424788578096
2025-01-19 18:53:04.476999936,13.191774368286133,0.48520153760910034,-0.05061454698443413,3.628715240253539,1.9809486865997314,-70.45688574500126,41.82424694294502
2025-01-19 18:53:08.484000000,12.195955276489258,0.4747295677661896,-0.057595863938331604,3.6288040153774532,1.881464958190918,-70.45686476132703,41.82424587847965
2025-01-19 18:53:12.486000128,11.516987800598145,0.46076691150665283,-0.05235987901687622,3.628892679729065,1.787217140197754,-70.45685045925825,41.8242460258378
2025-01-19 18:53:16.492999936,10.905916213989258,0.4345869719982147,-0.045378562062978745,3.6289814548529793,1.6894787549972534,-70.45683704343661,41.82424717087368
2025-01-19 18:53:20.493999872,10.204317092895508,0.406661719083786,-0.05235987901687622,3.6290700970459047,1.5882495641708374,-70.45682075611126,41.824250002071736
2025-01-19 18:53:24.496999936,9.389555931091309,0.37175512313842773,-0.05061454698443413,3.6291587835509205,1.4713125228881836,-70.4568007566547,41.82425557914993
2025-01-19 18:53:28.588000000,8.733220100402832,0.3508111834526062,-0.0593411959707737,3.6292494196981155,1.3369221687316895,-70.45678533495737,41.82426177799143
2025-01-19 18:53:32.589999872,8.212678909301758,0.3298672139644623,-0.045378562062978745,3.629338084044445,1.2199851274490356,-70.45677322947195,41.82426815515364
2025-01-19 18:53:36.592999936,7.601607799530029,0.33510321378707886,-0.06108652427792549,3.6294267705494607,1.0733774900436401,-70.4567608785302,41.824277123703375
2025-01-19 18:53:40.595000064,6.4247307777404785,0.3193952441215515,-0.054105207324028015,3.6295154349010725,0.8028514385223389,-70.45675088060639,41.824290388487604
2025-01-19 18:53:46.023000064,6.515259742736816,0.3193952441215515,-0.054105207324028015,3.6296356922941113,0.8011061549186707,-70.4567697094942,41.824266168453626
2025-01-19 18:53:50.025000192,5.858924388885498,0.3159045875072479,-0.054105207324028015,3.6297243566457227,0.6579891443252563,-70.45676272264878,41.82427987876778
2025-01-19 18:53:54.027000064,5.40627908706665,0.3001966178417206,-0.05061454698443413,3.6298130209920525,0.5427973866462708,-70.45675957465477,41.82428972823027
2025-01-19 18:53:58.030999808,4.523621559143066,0.31066861748695374,-0.04712389037013054,3.6299017296504723,0.4101523756980896,-70.45675644985823,41.824310319084375
2025-01-19 18:54:02.033999872,4.4330925941467285,0.35953783988952637,-0.05585053563117981,3.629990416155488,0.2617993950843811,-70.4567571023669,41.82431140724499
2025-01-19 18:54:06.073999872,3.844653844833374,0.42411500215530396,-0.06283185631036758,3.6300799223945592,0.10646508634090424,-70.4567600921258,41.82432108562284
2025-01-19 18:54:10.076000000,3.1430540084838867,0.4747295677661896,-0.05235987901687622,3.630168586746171,6.246533393859863,-70.45676534872135,41.8243311877188
2025-01-19 18:54:14.081000192,2.4867186546325684,0.5358160734176636,-0.06108652427792549,3.630257317563277,6.087708473205566,-70.45677150321454,41.824338718013436
2025-01-19 18:54:18.083000064,1.6945898532867432,0.5689773559570312,-0.054105207324028015,3.6303459819096067,5.953318119049072,-70.45678014551713,41.82434679010897
2025-01-19 18:54:22.088000000,0.6761385202407837,0.6108652353286743,-0.06108652427792549,3.6304347127267125,5.789257049560547,-70.45679226615198,41.82435507242159
2025-01-19 19:04:24.688000000,0.20086124539375305,-0.03977779454292395,-0.17279644153868895,3.6437275409698486,0.6259275912898233,-70.4569100000534,41.82343666779114
2025-01-19 19:09:18.806999808,0.22349348664283752,-0.7816591438123427,-0.0453366590817676,3.644015312194824,0.5785387072026922,-70.45701166672005,41.82307166779112
2025-01-19 19:09:22.809999872,0.8119320273399353,-0.7917562509598389,-0.043601913921060324,3.6439740657806396,0.5778937379758754,-70.45701333338671,41.82306833445777
2025-01-19 19:09:26.816000000,1.7624866962432861,-0.8018609253152117,-0.041865868667459914,3.6439731121063232,0.5772482853812839,-70.45701249974123,41.82306499987584
2025-01-19 19:09:30.819000064,2.5772476196289062,-0.811958032462708,-0.040131123506752645,3.6439731121063232,0.5766033161544672,-70.45701166672005,41.82306166779111
2025-01-19 19:09:34.820000000,3.5730667114257812,-0.8220500946044922,-0.03839724510908127,3.6439926624298096,0.5759586691856384,-70.4570091747481,41.8230686720104
2025-01-19 19:09:38.828000000,4.659414768218994,-0.8325220346450806,-0.04886921867728233,3.6441125869750977,0.5707226395606995,-70.45700552051113,41.82307903295121
2025-01-19 19:09:44.188999936,6.4247307777404785,-0.764454185962677,-0.008726646192371845,3.6442525386810303,0.516617476940155,-70.4570024389788,41.82308984125968
2025-01-19 19:09:48.194999808,7.511078834533691,-0.6003932356834412,-0.04712389037013054,3.644475221633911,0.3525564968585968,-70.45700171148407,41.82310270445954
2025-01-19 19:09:52.196999936,8.257943153381348,-0.45029494166374207,-0.054105207324028015,3.6447324752807617,0.18325957655906677,-70.45700391707727,41.82311471899387
2025-01-19 19:09:56.201999872,9.163232803344727,-0.33331407559565596,-0.0689460633557498,3.6449530124664307,3.1662716538418905,-70.45701319736695,41.82312891849515
2025-01-19 19:10:00.204000000,9.683774948120117,-0.21642082929611206,-0.08377580344676971,3.6449530124664307,6.147049427032471,-70.45702247070561,41.82314310736088
2025-01-19 19:10:04.229000192,9.502717018127441,-0.18500490486621857,-0.04712389037013054,3.645167589187622,6.084217548370361,-70.45703026974891,41.82315297074151
2025-01-19 19:10:08.231000064,10.340109825134277,-0.40142571926116943,-0.04886921867728233,3.645339250564575,5.90619421005249,-70.4570437397331,41.82316493951748
2025-01-19 19:10:12.252000000,10.905916213989258,-0.6091198921203613,-0.045378562062978745,3.6455914974212646,5.721189498901367,-70.45705106146,41.8231688994226
2025-01-19 19:10:16.253999872,11.562252044677734,-0.7243116497993469,-0.04712389037013054,3.6456363201141357,5.55014705657959,-70.45705892799677,41.82317175864967
2025-01-19 19:10:20.260000000,12.625967979431152,-0.7801621556282043,-0.03839724510908127,3.6456711292266846,5.431464672088623,-70.4570706691641,41.823175141180236
2025-01-19 19:10:24.278000128,13.757580757141113,-0.811578094959259,-0.015707964077591896,3.645763874053955,5.293583393096924,-70.45708318266688,41.82317738064877
2025-01-19 19:10:28.283000064,14.730767250061035,-0.7784168720245361,-0.02094395086169243,3.6458592414855957,5.143485069274902,-70.45709501552099,41.82317812922386
2025-01-19 19:10:32.287000064,15.885011672973633,-0.769690215587616,-0.024434609338641167,3.645936965942383,5.030038833618164,-70.45710926655934,41.82317798256307
2025-01-19 19:10:36.306999808,16.63187599182129,-0.7592182159423828,-0.019198622554540634,3.6460506916046143,4.892158031463623,-70.45711888696178,41.82317677060511
2025-01-19 19:10:40.309999872,17.740856170654297,-0.7382742762565613,-0.024434609338641167,3.6460938453674316,4.717625141143799,-70.45713299555064,41.82317339367073
2025-01-19 19:10:44.312000000,18.872468948364258,-0.7225663065910339,-0.03839724510908127,3.64622163772583,4.567526817321777,-70.45714697345069,41.8231683375584
2025-01-19 19:10:48.328999936,19.528804779052734,-0.7086036801338196,-0.04188790172338486,3.6463637351989746,4.43662691116333,-70.45715503049466,41.82316434017277
2025-01-19 19:10:52.332999936,20.547256469726562,-0.6789330840110779,-0.045378562062978745,3.646411657333374,4.3441243171691895,-70.45716713940932,41.82315729307629
2025-01-19 19:10:56.335000064,21.13569450378418,-0.41887903213500977,-0.06283185631036758,3.6465601921081543,4.340633869171143,-70.45717891029769,41.823150391006344
2025-01-19 19:11:00.341000192,21.475177764892578,-0.2705260217189789,-0.06108652427792549,3.6467013359069824,4.3842668533325195,-70.45718907040742,41.82314488321014
2025-01-19 19:11:04.344000000,21.678869247436523,-0.25307273864746094,-0.06457718461751938,3.646798610687256,4.3912482261657715,-70.45719546278136,41.82314137672526
2025-01-19 19:11:08.348000000,21.701499938964844,-0.2024581879377365,-0.04886921867728233,3.6468164920806885,4.403465747833252,-70.45719677519983,41.823140478775194
2025-01-19 19:11:12.420000000,21.701499938964844,-0.16057029366493225,-0.05061454698443413,3.6467292308807373,4.424409866333008,-70.4572080359615,41.82313486018247
2025-01-19 19:11:16.421999872,21.792030334472656,-0.10821041464805603,-0.057595863938331604,3.6468400955200195,4.4558258056640625,-70.4572136807974,41.82313207671525
2025-01-19 19:11:20.424999936,21.49781036376953,-0.06108652427792549,-0.06632251292467117,3.6468358039855957,4.47153377532959,-70.45721427988317,41.823131533562204
2025-01-19 19:11:24.427000064,22.154146194458008,0.001745329238474369,-0.04712389037013054,3.6467342376708984,4.506440162658691,-70.4572148773264,41.823130991898324
2025-01-19 19:11:28.430000128,22.222042083740234,0.01745329238474369,-0.04014257341623306,3.646632432937622,4.518657207489014,-70.45721547506824,41.823130449963706
2025-01-19 19:11:32.435000064,22.17677879333496,0.008726646192371845,-0.09424778074026108,3.6465306282043457,4.509930610656738,-70.45721607251143,41.82312990829984
2025-01-19 19:11:36.438999808,22.17677879333496,0.006981316953897476,-0.06806784123182297,3.6464285850524902,4.4924774169921875,-70.4572166699546,41.82312936663596
2025-01-19 19:11:40.441999872,22.17677879333496,0.013962633907794952,-0.07853981852531433,3.6463265419006348,4.464552402496338,-70.45721726739778,41.82312882497208
2025-01-19 19:11:44.444000000,22.17677879333496,0.027925267815589905,-0.045378562062978745,3.6462242603302,4.415682792663574,-70.45721786513958,41.82312828303745
2025-01-19 19:11:48.451000064,22.17677879333496,0.04712389037013054,-0.09250245243310928,3.6461219787597656,4.387757778167725,-70.45721846258274,41.823127741373554
2025-01-19 19:11:52.453000192,22.244674682617188,0.06632251292467117,-0.02617993950843811,3.646019458770752,4.337143421173096,-70.45721906032453,41.823127199438915
2025-01-19 19:11:56.459000064,22.244674682617188,0.08377580344676971,-0.09075712412595749,3.645916700363159,4.312708377838135,-70.45721965776767,41.823126657775035
2025-01-19 19:12:00.460999936,22.08624839782715,0.09075712412595749,-0.02094395086169243,3.6458137035369873,4.242895603179932,-70.45722543524442,41.823122519084535
2025-01-19 19:12:04.467000064,22.154146194458008,0.10821041464805603,-0.09250245243310928,3.6458380222320557,4.228932857513428,-70.45723113475266,41.82311833404773
2025-01-19 19:12:08.470000128,22.1088809967041,0.12566371262073517,-0.03141592815518379,3.645862579345703,4.169591426849365,-70.45723652656729,41.8231139370042
2025-01-19 19:12:12.472999936,22.018352508544922,0.13962633907794952,-0.08028514683246613,3.645888328552246,4.131194114685059,-70.45724170843695,41.823109412563944
2025-01-19 19:12:16.474999808,22.018352508544922,0.1500983089208603,-0.054105207324028015,3.6459147930145264,4.127703666687012,-70.45725544735605,41.82309737314733
2025-01-19 19:12:20.482000128,21.678869247436523,0.15358898043632507,-0.07504915446043015,3.6461827754974365,4.033455848693848,-70.457274624398,41.82307707800011
2025-01-19 19:12:24.483000064,22.42573356628418,0.2024581879377365,-0.12391837686300278,3.646679401397705,3.9531707763671875,-70.45729148424131,41.82305590879438
2025-01-19 19:12:28.489000192,21.859926223754883,0.2565633952617645,-0.13089969754219055,3.64717435836792,3.874630928039551,-70.45731063830011,41.82302694370866
2025-01-19 19:12:32.491000064,21.158327102661133,0.2862339913845062,-0.13264502584934235,3.64786434173584,3.890338897705078,-70.45732990001807,41.82299891724272
2025-01-19 19:12:36.496999936,20.637784957885742,0.28099802136421204,-0.13089969754219055,3.6485185623168945,3.846705675125122,-70.45734858493981,41.822968589012056
2025-01-19 19:12:40.500000000,20.343564987182617,0.27227136492729187,-0.15358898043632507,3.649214267730713,3.8275070190429688,-70.4573668017597,41.822937486669254
2025-01-19 19:12:44.503000064,18.940366744995117,0.27576202154159546,-0.1448623239994049,3.649914026260376,3.806563138961792,-70.45738426088859,41.82290592770908
2025-01-19 19:12:48.504000000,18.759307861328125,0.27227136492729187,-0.13788101077079773,3.650609254837036,3.7646751403808594,-70.45739977305892,41.822874276159425
2025-01-19 19:12:52.509999872,17.718223571777344,0.2670353651046753,-0.13439035415649414,3.651289463043213,3.745476484298706,-70.45741395581513,41.82284358811315
2025-01-19 19:12:56.512000000,16.428186416625977,0.27750736474990845,-0.12391837686300278,3.651932716369629,3.7402405738830566,-70.45742889804845,41.822810655597806
2025-01-19 19:13:00.519000064,15.885011672973633,0.2687807083129883,-0.12915436923503876,3.6526174545288086,3.7070794105529785,-70.45743492305186,41.82279634472511
2025-01-19 19:13:04.520999936,14.459179878234863,0.24085544049739838,-0.12740904092788696,3.6528513431549072,3.691371440887451,-70.45745060254193,41.82275520137376
2025-01-19 19:13:08.528000000,14.119696617126465,0.235619455575943,-0.1483529806137085,3.65370774269104,3.644247531890869,-70.45745405695682,41.82274527481979
2025-01-19 19:13:12.530999808,13.621787071228027,0.22165681421756744,-0.16057029366493225,3.6538331508636475,3.618067502975464,-70.45745861624029,41.82272994011119
2025-01-19 19:13:16.533999872,12.96545124053955,0.19722220301628113,-0.13613568246364594,3.6540822982788086,3.5953781604766846,-70.4574666768744,41.82269782838857
2025-01-19 19:13:20.536000000,12.173322677612305,0.18500490486621857,-0.12042772024869919,3.654712200164795,3.577924966812134,-70.45747407895836,41.822665252928694
2025-01-19 19:13:24.540999936,11.335928916931152,0.16057029366493225,-0.13613568246364594,3.6553425788879395,3.5447638034820557,-70.45748003155016,41.82263267948644
2025-01-19 19:13:28.542000128,10.679594039916992,0.1483529806137085,-0.13788101077079773,3.65596604347229,3.5255651473999023,-70.45748528550345,41.822599154445726
2025-01-19 19:13:32.548999936,10.000626564025879,0.116937056183815,-0.13788101077079773,3.656602382659912,3.5081117153167725,-70.4574896552287,41.82256654128267
2025-01-19 19:13:36.549999872,10.000626564025879,0.09424778074026108,-0.12915436923503876,3.6572108268737793,3.455751895904541,-70.45749184476536,41.82253237090038
2025-01-19 19:13:40.556999936,9.977993965148926,0.07853981852531433,-0.13439035415649414,3.657850980758667,3.455751895904541,-70.45749397109596,41.822499532635085
2025-01-19 19:13:44.560000000,9.389555931091309,0.057595863938331604,-0.1186823919415474,3.6584527492523193,3.4644784927368164,-70.4574965263303,41.82246582157748
2025-01-19 19:13:48.563000064,9.570613861083984,0.036651913076639175,-0.12391837686300278,3.659062385559082,3.4435346126556396,-70.45749815348186,41.822432054323734
2025-01-19 19:13:52.564999936,9.683774948120117,0.027925267815589905,-0.12740904092788696,3.659667491912842,3.4330625534057617,-70.45749931587956,41.82239826301385
2025-01-19 19:13:56.571000064,9.050071716308594,0.008726646192371845,-0.12566371262073517,3.6602654457092285,3.4243359565734863,-70.45750009165609,41.82236419628795
2025-01-19 19:14:00.572999936,9.79693603515625,0.0,-0.12391837686300278,3.6608617305755615,3.405137300491333,-70.4575000124265,41.822330393176664
2025-01-19 19:14:04.579000064,9.14060115814209,-0.006981316953897476,-0.12915436923503876,3.661447525024414,3.4173545837402344,-70.45750047748767,41.82229687050149
2025-01-19 19:14:08.582000128,9.79693603515625,-0.024434609338641167,-0.12042772024869919,3.6620171070098877,3.422590732574463,-70.45750117420793,41.822263081995224
2025-01-19 19:14:12.583000064,9.366923332214355,-0.02967059798538685,-0.12566371262073517,3.6625826358795166,3.3964107036590576,-70.457500725194,41.822229853855454
2025-01-19 19:14:16.588999936,10.136420249938965,-0.045378562062978745,-0.12042772024869919,3.6631343364715576,3.419100046157837,-70.45750126680483,41.822196089600205
2025-01-19 19:14:20.681999872,10.272212982177734,-0.05235987901687622,-0.09948376566171646,3.663684129714966,3.412118673324585,-70.4575014909656,41.82216135511109
2025-01-19 19:14:24.684000000,10.136420249938965,-0.08202676890036793,-0.07941498797799484,3.6642425060272217,3.384196908633581,-70.4575022093322,41.822160703799696
2025-01-19 19:14:28.687000064,10.905916213989258,-0.11170107126235962,-0.0593411959707737,3.6642425060272217,3.3562681674957275,-70.4575029278783,41.822160052325565
2025-01-19 19:14:34.244999936,10.656961441040039,-0.11344639956951141,-0.06283185631036758,3.6641619205474854,3.361504077911377,-70.45750352501157,41.822159510931066
2025-01-19 19:14:38.248000000,11.041709899902344,-0.19373154640197754,-0.04363323003053665,3.664083480834961,3.368485450744629,-70.45750412229418,41.822158969401166
2025-01-19 19:14:42.249999872,11.26803207397461,-0.33684855699539185,-0.07853981852531433,3.6640048027038574,3.3876841068267822,-70.45750450741882,41.82215357247525
2025-01-19 19:14:46.250999808,12.150690078735352,-0.4468042850494385,-0.06981316953897476,3.664017677307129,3.4243359565734863,-70.45750518539967,41.822137944975566
2025-01-19 19:14:50.257999872,12.807025909423828,-0.4956735074520111,-0.06283185631036758,3.664219617843628,3.488913059234619,-70.4575066882085,41.822127541848474
2025-01-19 19:14:54.262000128,13.802845001220703,-0.514872133731842,-0.057595863938331604,3.664320707321167,3.5342917442321777,-70.45750953831235,41.82211227493496
2025-01-19 19:14:58.263000064,14.210225105285645,-0.49043750762939453,-0.054105207324028015,3.6645069122314453,3.577924966812134,-70.4575114366115,41.82210561351676
2025-01-19 19:15:02.276999936,15.11551570892334,-0.43109631538391113,-0.06108652427792549,3.664537191390991,3.6233034133911133,-70.4575163403797,41.822089418328645
2025-01-19 19:15:06.279000064,15.454998970031738,-0.3508111834526062,-0.054105207324028015,3.6647346019744873,3.6302847862243652,-70.45751890314732,41.8220819777916
2025-01-19 19:15:10.286000128,16.1113338470459,-0.24434609711170197,-0.05585053563117981,3.6647772789001465,3.6459927558898926,-70.45752511760062,41.82206313214283
2025-01-19 19:15:14.287000064,16.156599044799805,-0.10821041464805603,-0.057595863938331604,3.665018320083618,3.6704273223876953,-70.45752902066127,41.822052909979554
2025-01-19 19:15:18.289999872,16.609243392944336,0.04188790172338486,-0.054105207324028015,3.6651079654693604,3.6931166648864746,-70.45753349144881,41.82204201059679
2025-01-19 19:15:22.295000064,16.29239273071289,0.21467550098896027,-0.05061454698443413,3.6652088165283203,3.7350046634674072,-70.45753798367946,41.82203251744929
2025-01-19 19:15:26.298000128,16.518714904785156,0.39968040585517883,-0.05061454698443413,3.6652848720550537,3.7821285724639893,-70.45753627451168,41.822036535073536
2025-01-19 19:15:30.300000000,16.066070556640625,0.5829399824142456,-0.045378562062978745,3.6651296615600586,3.8414697647094727,-70.45754001872936,41.822030742468314
2025-01-19 19:15:34.342999808,15.568160057067871,0.7033677101135254,-0.04886921867728233,3.6651415824890137,3.8885936737060547,-70.45754357957884,41.82202581787134
2025-01-19 19:15:38.344000000,15.002354621887207,0.76619952917099,-0.054105207324028015,3.665140151977539,3.9025561809539795,-70.45754728645831,41.82202083261727
2025-01-19 19:15:42.351000064,14.232857704162598,0.7993608117103577,-0.054105207324028015,3.665139675140381,3.9095375537872314,-70.45755187677345,41.822014680366856
2025-01-19 19:15:46.352999936,13.78021240234375,0.7888888120651245,-0.0593411959707737,3.6651594638824463,3.8955748081207275,-70.4575548310413,41.82201071259395
2025-01-19 19:15:50.356000000,12.807025909423828,0.764454185962677,-0.057595863938331604,3.6651413440704346,3.8798668384552,-70.45756060620906,41.82200234404434
2025-01-19 19:15:54.360999936,12.30911636352539,0.7330383062362671,-0.0593411959707737,3.665199041366577,3.853687047958374,-70.45756383334226,41.82199755075794
2025-01-19 19:15:58.364999936,11.22276782989502,0.689405083656311,-0.0593411959707737,3.6651949882507324,3.810053825378418,-70.45757016772026,41.821986560365715
2025-01-19 19:16:02.367000064,10.905916213989258,0.6597344279289246,-0.06806784123182297,3.6652963161468506,3.7873644828796387,-70.45757238787247,41.821982861372014
2025-01-19 19:16:06.372000000,9.864832878112793,0.6283185482025146,-0.06283185631036758,3.6652729511260986,3.74198579788208,-70.4575780800116,41.8219708823726
2025-01-19 19:16:10.375000064,9.366923332214355,0.59690260887146,-0.06457718461751938,3.665390729904175,3.708824634552002,-70.45758100094518,41.82196448379614
2025-01-19 19:16:14.378000128,8.642691612243652,0.5689773559570312,-0.06632251292467117,3.6654136180877686,3.6808993816375732,-70.45758489856007,41.82195468273288
2025-01-19 19:16:18.380000000,7.533710956573486,0.5602506995201111,-0.06981316953897476,3.665494441986084,3.658210039138794,-70.4575901894361,41.82193966061153
2025-01-19 19:16:22.382999808,7.3073883056640625,0.5515240430831909,-0.06806784123182297,3.665663957595825,3.628539562225342,-70.45759157857066,41.821936315513526
2025-01-19 19:16:26.388999936,6.402098178863525,0.5393067598342896,-0.06457718461751938,3.665635108947754,3.5953781604766846,-70.457595188284,41.82192303153793
2025-01-19 19:16:30.392999936,5.587337017059326,0.5480333566665649,-0.06632251292467117,3.665776491165161,3.570943593978882,-70.45759802392686,41.82191145547701
2025-01-19 19:16:34.394000128,4.772576332092285,0.5567600131034851,-0.06632251292467117,3.665888786315918,3.546509027481079,-70.45760044926615,41.82190013430703
2025-01-19 19:16:38.400000000,3.686228036880493,0.5759586691856384,-0.08552113175392151,3.665997266769409,3.502875804901123,-70.45760261750154,41.82188538588678
2025-01-19 19:16:42.404000000,3.052525043487549,0.5829399824142456,-0.08028514683246613,3.666166305541992,3.492403745651245,-70.45760400042468,41.821876749609935
2025-01-19 19:16:46.440000000,1.9209123849868774,0.5724679827690125,-0.04712389037013054,3.666229009628296,3.4871678352355957,-70.45760591015572,41.821861537135874
2025-01-19 19:16:50.441999872,0.9929900765419006,0.5637413263320923,-0.045378562062978745,3.66640567779541,3.5011305809020996,-70.45760780653369,41.821848994936225
2025-01-19 19:16:54.444999936,0.22349348664283752,0.4031710624694824,-0.04014257341623306,3.6665351390838623,3.502875804901123,-70.45761002207954,41.82183381738479
2025-01-19 19:16:58.451000064,0.17822898924350739,-0.10646508634090424,-0.057595863938331604,3.6667087078094482,3.358013391494751,-70.4576097874127,41.821823305155114
2025-01-19 19:17:02.453999872,0.01980322040617466,-0.010471975430846214,-0.06108652427792549,3.6668105125427246,3.3841934204101562,-70.4576101595583,41.821818105881704
